residue_index,wildtype,mutant,fitness,confidence
1,S,S,1.0,1321
1,S,V,-0.32,3316
1,S,I,-1.79,1968
1,S,L,-2.1,3507
1,S,E,-1.41,3178
1,S,Q,-1.87,4430
1,S,D,0.18,132
1,S,N,-1.77,3429
1,S,H,-1.91,2456
1,S,W,-1.6,1496
1,S,F,-3.82,2155
1,S,Y,-4.39,3759
1,S,R,-4.59,3370
1,S,K,-3.9,37
1,S,T,-2.88,4060
1,S,M,-1.15,3479
1,S,A,-2.47,3889
1,S,G,-1.71,1935
1,S,P,-1.55,1249
1,S,C,-0.34,952
1,S,X,-3.62,1146
2,F,F,1.0,3031
2,F,V,-4.64,1878
2,F,I,-4.85,897
2,F,L,-4.0,1736
2,F,E,-1.79,973
2,F,Q,-4.41,507
2,F,D,-1.87,4521
2,F,N,-1.43,3697
2,F,H,-0.01,3611
2,F,W,-0.78,2330
2,F,Y,-1.32,524
2,F,R,-4.76,4121
2,F,K,-3.51,3179
2,F,S,-1.55,762
2,F,T,-2.29,333
2,F,M,-1.08,2652
2,F,A,0.01,3579
2,F,G,-0.73,1675
2,F,P,-2.36,4612
2,F,C,-0.18,2416
2,F,X,-1.55,3981
3,S,S,1.0,264
3,S,V,0.43,2699
3,S,I,0.06,737
3,S,L,-2.52,2550
3,S,E,-4.74,19
3,S,Q,0.14,2813
3,S,D,-3.06,2961
3,S,N,-4.98,4173
3,S,H,-2.2,1984
3,S,W,0.9,1197
3,S,F,0.42,4414
3,S,Y,0.81,3184
3,S,R,-2.36,4159
3,S,K,-2.86,4743
3,S,T,0.83,1258
3,S,M,-4.35,3401
3,S,A,0.11,2381
3,S,G,-0.54,1973
3,S,P,0.72,4252
3,S,C,0.31,1532
3,S,X,-1.56,3426
4,G,G,1.0,999
4,G,V,-0.0,3962
4,G,I,-2.37,1143
4,G,L,-0.54,192
4,G,E,-2.38,2518
4,G,Q,-2.2,2685
4,G,D,-4.98,1595
4,G,N,-4.35,800
4,G,H,0.48,1283
4,G,W,-3.27,4231
4,G,F,0.48,3279
4,G,Y,0.35,637
4,G,R,-2.86,376
4,G,K,-1.86,3038
4,G,S,-4.77,1372
4,G,T,-2.54,4493
4,G,M,-3.54,2183
4,G,A,-2.72,327
4,G,P,-2.9,1646
4,G,C,-4.93,220
4,G,X,-4.16,3724
5,Y,Y,1.0,967
5,Y,V,-0.62,2319
5,Y,I,-1.98,4579
5,Y,L,-0.64,2097
5,Y,E,-4.5,4508
5,Y,Q,-2.87,769
5,Y,D,0.35,664
5,Y,N,-0.08,3732
5,Y,H,0.51,1128
5,Y,W,-3.28,3529
5,Y,F,-3.14,4778
5,Y,R,-0.67,4878
5,Y,K,-3.71,1980
5,Y,S,-0.91,1158
5,Y,T,-1.5,3139
5,Y,M,-0.76,2639
5,Y,A,-2.96,3040
5,Y,G,-3.35,3363
5,Y,P,-1.3,2423
5,Y,C,-1.11,4025
5,Y,X,-4.14,4248
6,L,L,1.0,3874
6,L,V,-3.61,4748
6,L,I,-2.08,3046
6,L,E,-4.57,3250
6,L,Q,-1.39,910
6,L,D,-3.22,323
6,L,N,-4.97,2507
6,L,H,0.41,1709
6,L,W,-4.19,2958
6,L,F,-4.55,2688
6,L,Y,-2.91,2406
6,L,R,0.08,1688
6,L,K,-1.59,2206
6,L,S,-3.34,2110
6,L,T,-3.24,1082
6,L,M,-0.9,1371
6,L,A,0.77,2264
6,L,G,-2.54,761
6,L,P,-2.89,3851
6,L,C,-0.68,4927
6,L,X,-2.0,4341
7,K,K,1.0,4549
7,K,V,-4.98,3272
7,K,I,-1.62,4909
7,K,L,0.4,1642
7,K,E,-3.81,46
7,K,Q,-1.46,4704
7,K,D,-0.69,2402
7,K,N,0.22,4842
7,K,H,-3.96,2410
7,K,W,0.43,1922
7,K,F,-3.77,4704
7,K,Y,-4.41,3546
7,K,R,-3.23,2905
7,K,S,-2.94,4305
7,K,T,0.17,1811
7,K,M,-0.09,1877
7,K,A,-3.96,509
7,K,G,-3.31,1419
7,K,P,-2.43,4107
7,K,C,-2.74,4878
7,K,X,0.46,1910
8,L,L,1.0,874
8,L,V,-3.6,4723
8,L,I,-3.11,4406
8,L,E,-0.59,3329
8,L,Q,-1.49,183
8,L,D,-4.54,4059
8,L,N,-1.14,421
8,L,H,0.53,3893
8,L,W,-2.55,780
8,L,F,-0.68,3573
8,L,Y,-0.55,3526
8,L,R,0.73,3398
8,L,K,-0.61,1570
8,L,S,-2.2,3630
8,L,T,-2.7,1691
8,L,M,-1.67,4605
8,L,A,-2.49,2639
8,L,G,-2.79,1050
8,L,P,-3.65,4640
8,L,C,0.19,3380
8,L,X,0.08,3008
9,T,T,1.0,3536
9,T,V,-2.16,4248
9,T,I,-2.17,550
9,T,L,-4.97,299
9,T,E,-3.72,1979
9,T,Q,-0.93,2514
9,T,D,-2.32,3036
9,T,N,-0.28,3257
9,T,H,-0.87,2882
9,T,W,-0.81,1058
9,T,F,-4.27,4461
9,T,Y,-1.98,1226
9,T,R,-0.4,4360
9,T,K,-3.25,4049
9,T,S,-1.09,444
9,T,M,-0.3,4236
9,T,A,-0.99,2170
9,T,G,-2.16,28
9,T,P,-0.39,53
9,T,C,-2.32,3625
9,T,X,-4.69,4945
10,D,D,1.0,2092
10,D,V,-2.12,954
10,D,I,0.44,4776
10,D,L,-2.98,1945
10,D,E,-4.07,2091
10,D,Q,-1.09,3064
10,D,N,-3.64,4963
10,D,H,-1.75,1898
10,D,W,-1.47,3677
10,D,F,0.13,2110
10,D,Y,-0.32,471
10,D,R,-1.44,3208
10,D,K,-0.53,1485
10,D,S,-0.05,3588
10,D,T,-3.47,2790
10,D,M,-0.23,3903
10,D,A,0.4,2214
10,D,G,-4.95,4426
10,D,P,-0.93,2928
10,D,C,-2.44,4319
10,D,X,-3.52,4635
11,N,N,1.0,474
11,N,V,-0.62,3729
11,N,I,-3.12,2907
11,N,L,-1.77,3654
11,N,E,-2.72,4682
11,N,Q,0.11,3941
11,N,D,-3.69,4071
11,N,H,-1.4,4279
11,N,W,0.52,2049
11,N,F,-0.46,3888
11,N,Y,-1.65,779
11,N,R,-2.46,3773
11,N,K,-1.17,3661
11,N,S,-4.55,657
11,N,T,-1.08,4008
11,N,M,-3.87,605
11,N,A,-4.82,3689
11,N,G,-4.44,3329
11,N,P,-1.73,3394
11,N,C,-0.77,263
11,N,X,-3.91,708
12,V,V,1.0,1959
12,V,I,-3.18,3664
12,V,L,-0.17,2198
12,V,E,0.18,4881
12,V,Q,-4.13,3015
12,V,D,-4.79,1152
12,V,N,-4.04,105
12,V,H,-1.35,366
12,V,W,-2.6,868
12,V,F,-0.48,4872
12,V,Y,-0.92,595
12,V,R,-0.25,1974
12,V,K,-0.15,1173
12,V,S,-1.26,4243
12,V,T,0.19,2215
12,V,M,-3.45,4933
12,V,A,-0.51,4313
12,V,G,-4.16,104
12,V,P,-4.19,1927
12,V,C,-0.36,849
12,V,X,-3.42,1211
13,Y,Y,1.0,279
13,Y,V,-3.25,4948
13,Y,I,-0.88,1743
13,Y,L,-1.05,3802
13,Y,E,-4.35,662
13,Y,Q,-0.55,2610
13,Y,D,-4.54,1974
13,Y,N,-3.23,4378
13,Y,H,-1.41,3266
13,Y,W,-2.92,1429
13,Y,F,-2.15,1371
13,Y,R,-2.1,3066
13,Y,K,-3.58,2766
13,Y,S,-4.08,1453
13,Y,T,-2.31,3562
13,Y,M,-2.56,3639
13,Y,A,-3.85,4220
13,Y,G,-3.11,2369
13,Y,P,-1.91,2084
13,Y,C,-2.3,3352
13,Y,X,-2.89,2635
14,I,I,1.0,3902
14,I,V,-4.42,1218
14,I,L,-3.67,368
14,I,E,-1.99,138
14,I,Q,0.44,3039
14,I,D,-3.09,4906
14,I,N,0.71,4442
14,I,H,-2.38,4760
14,I,W,-3.65,4239
14,I,F,-1.25,2478
14,I,Y,0.87,4753
14,I,R,-4.28,2910
14,I,K,-2.1,620
14,I,S,-2.11,4254
14,I,T,-4.07,609
14,I,M,-0.24,4086
14,I,A,-0.04,2667
14,I,G,0.28,4460
14,I,P,-2.06,4808
14,I,C,-4.66,4565
14,I,X,-0.76,4712
15,K,K,1.0,3083
15,K,V,-1.87,4475
15,K,I,-2.35,1612
15,K,L,0.15,1986
15,K,E,-1.13,467
15,K,Q,-2.01,2292
15,K,D,0.66,519
15,K,N,-1.64,685
15,K,H,0.37,3388
15,K,W,-3.23,3642
15,K,F,0.88,1032
15,K,Y,-2.55,3529
15,K,R,-2.41,1636
15,K,S,-0.83,4364
15,K,T,-0.75,2414
15,K,M,-2.57,2413
15,K,A,-0.16,2956
15,K,G,-4.25,193
15,K,P,-4.01,3178
15,K,C,-2.2,239
15,K,X,0.85,4425
16,N,N,1.0,4670
16,N,V,-4.29,1285
16,N,I,-1.34,1025
16,N,L,0.49,1615
16,N,E,-0.47,112
16,N,Q,-2.09,3270
16,N,D,-2.62,3031
16,N,H,-1.9,864
16,N,W,-1.7,4641
16,N,F,-3.61,3783
16,N,Y,-0.97,3275
16,N,R,-2.12,1656
16,N,K,-0.87,128
16,N,S,-4.36,2762
16,N,T,-2.27,1879
16,N,M,-3.36,1914
16,N,A,-0.94,4053
16,N,G,-2.45,3125
16,N,P,-0.61,3649
16,N,C,0.18,433
16,N,X,-0.87,2120
17,A,A,1.0,345
17,A,V,-4.5,4519
17,A,I,-1.62,2237
17,A,L,-3.68,1270
17,A,E,-0.93,2668
17,A,Q,0.39,1343
17,A,D,-3.4,2582
17,A,N,0.38,1729
17,A,H,-1.4,3228
17,A,W,-1.54,3965
17,A,F,-1.71,1634
17,A,Y,-4.9,3486
17,A,R,-0.58,832
17,A,K,0.5,4859
17,A,S,0.65,2269
17,A,T,-1.3,1957
17,A,M,-1.71,3798
17,A,G,0.52,2717
17,A,P,-4.67,1337
17,A,C,-2.08,3695
17,A,X,-2.29,1655
18,D,D,1.0,4746
18,D,V,-2.15,368
18,D,I,-2.3,2116
18,D,L,0.88,1240
18,D,E,-2.63,550
18,D,Q,-4.65,2637
18,D,N,-2.34,1555
18,D,H,-0.03,2012
18,D,W,-4.74,4640
18,D,F,0.48,2759
18,D,Y,-1.17,1352
18,D,R,-0.59,3565
18,D,K,0.92,4116
18,D,S,-4.59,1114
18,D,T,-4.16,49
18,D,M,-1.89,2149
18,D,A,-1.18,118
18,D,G,-3.29,2478
18,D,P,-1.49,3715
18,D,C,-3.94,3984
18,D,X,-4.63,1612
19,I,I,1.0,2611
19,I,V,-0.98,2746
19,I,L,-0.53,3124
19,I,E,-3.82,767
19,I,Q,-3.47,1671
19,I,D,-2.89,2837
19,I,N,0.8,957
19,I,H,-2.15,3449
19,I,W,-1.3,50
19,I,F,-4.89,3405
19,I,Y,0.38,4812
19,I,R,-3.85,3601
19,I,K,-3.31,4979
19,I,S,-2.06,4033
19,I,T,-4.51,2634
19,I,M,-0.67,4757
19,I,A,-1.33,2957
19,I,G,-3.3,1003
19,I,P,-3.52,2086
19,I,C,-0.82,4390
19,I,X,-2.15,4828
20,V,V,1.0,4354
20,V,I,-4.49,155
20,V,L,-1.7,1038
20,V,E,-1.12,2740
20,V,Q,-2.86,757
20,V,D,-2.2,508
20,V,N,-2.99,2694
20,V,H,-1.38,3355
20,V,W,-1.94,987
20,V,F,0.12,4712
20,V,Y,0.35,4140
20,V,R,0.98,3660
20,V,K,-4.08,1976
20,V,S,-4.85,3656
20,V,T,-1.2,574
20,V,M,-4.15,1923
20,V,A,-3.15,2778
20,V,G,-0.08,4274
20,V,P,-0.12,3401
20,V,C,-2.62,576
20,V,X,-1.25,1669
21,E,E,1.0,594
21,E,V,0.33,4761
21,E,I,-4.55,712
21,E,L,-0.13,2317
21,E,Q,0.9,676
21,E,D,-0.18,3834
21,E,N,-4.92,1152
21,E,H,-1.99,1016
21,E,W,-2.52,459
21,E,F,-1.25,1857
21,E,Y,-1.94,2770
21,E,R,0.02,3155
21,E,K,-0.05,198
21,E,S,-4.98,3551
21,E,T,-3.18,3276
21,E,M,-1.11,1823
21,E,A,0.09,1037
21,E,G,0.53,4760
21,E,P,-4.42,4946
21,E,C,-1.64,4210
21,E,X,-4.63,3204
22,E,E,1.0,493
22,E,V,0.63,2218
22,E,I,-2.64,644
22,E,L,-3.23,2676
22,E,Q,-2.8,2190
22,E,D,-0.05,1068
22,E,N,0.21,3933
22,E,H,0.84,712
22,E,W,-4.83,4147
22,E,F,0.55,1502
22,E,Y,-0.63,1251
22,E,R,-1.35,4737
22,E,K,-1.01,1705
22,E,S,-3.34,1698
22,E,T,-4.13,2021
22,E,M,0.11,1001
22,E,A,-4.35,1048
22,E,G,-0.96,1099
22,E,P,-2.76,4386
22,E,C,-0.95,1274
22,E,X,-3.81,1266
23,A,A,1.0,3269
23,A,V,0.67,1845
23,A,I,-2.52,310
23,A,L,-3.34,4898
23,A,E,-0.19,204
23,A,Q,-4.01,2114
23,A,D,-0.25,1634
23,A,N,-2.05,595
23,A,H,-0.84,4696
23,A,W,-0.78,563
23,A,F,0.61,2871
23,A,Y,-4.29,4464
23,A,R,0.14,2015
23,A,K,-1.57,3062
23,A,S,0.55,711
23,A,T,-1.12,4683
23,A,M,-3.22,1682
23,A,G,-0.63,3999
23,A,P,-1.46,2402
23,A,C,-3.28,2518
23,A,X,-0.11,609
24,K,K,1.0,2477
24,K,V,-4.32,209
24,K,I,-1.37,4224
24,K,L,0.18,3491
24,K,E,-4.15,1578
24,K,Q,0.85,2873
24,K,D,-1.07,3574
24,K,N,-2.11,1063
24,K,H,-2.07,3049
24,K,W,-3.97,2393
24,K,F,-4.45,3208
24,K,Y,-4.26,2610
24,K,R,-4.04,254
24,K,S,-2.42,3808
24,K,T,0.82,336
24,K,M,-0.83,2481
24,K,A,-4.2,610
24,K,G,-1.56,65
24,K,P,-4.05,550
24,K,C,-2.21,1273
24,K,X,-3.45,622
25,K,K,1.0,1066
25,K,V,-2.48,3399
25,K,I,-1.06,452
25,K,L,-0.6,2291
25,K,E,-2.14,4892
25,K,Q,-1.78,4095
25,K,D,0.83,5
25,K,N,0.14,2755
25,K,H,-1.96,2862
25,K,W,-3.02,4936
25,K,F,-1.9,1479
25,K,Y,-1.72,3702
25,K,R,-2.25,792
25,K,S,-2.52,1309
25,K,T,-0.67,2958
25,K,M,-2.63,2022
25,K,A,-1.05,2500
25,K,G,-3.4,726
25,K,P,-1.12,865
25,K,C,0.89,2854
25,K,X,-2.53,2607
26,V,V,1.0,401
26,V,I,-1.04,91
26,V,L,-3.22,4216
26,V,E,-0.19,2036
26,V,Q,0.82,666
26,V,D,-1.07,4972
26,V,N,-4.49,1411
26,V,H,-3.81,3240
26,V,W,-1.17,3078
26,V,F,-3.57,1450
26,V,Y,-4.95,3362
26,V,R,-4.16,551
26,V,K,0.26,386
26,V,S,-3.97,624
26,V,T,-3.76,1530
26,V,M,-4.4,536
26,V,A,-3.36,3475
26,V,G,-3.85,1335
26,V,P,-3.71,2638
26,V,C,-1.78,3802
26,V,X,-3.53,1640
27,K,K,1.0,1383
27,K,V,-3.95,3807
27,K,I,-1.34,4495
27,K,L,-1.03,1330
27,K,E,-4.18,3823
27,K,Q,-3.55,1392
27,K,D,-4.74,179
27,K,N,-1.91,2670
27,K,H,-2.66,1610
27,K,W,-4.33,1615
27,K,F,-2.71,3746
27,K,Y,-3.01,1559
27,K,R,-1.57,3973
27,K,S,-0.67,4266
27,K,T,-0.93,3408
27,K,M,0.79,3819
27,K,A,-4.35,2619
27,K,G,-2.98,2722
27,K,P,-4.65,4791
27,K,C,0.16,1831
27,K,X,-3.24,2752
28,P,P,1.0,3283
28,P,V,-4.88,4354
28,P,I,-2.07,1894
28,P,L,-2.28,475
28,P,E,-3.17,1233
28,P,Q,-0.14,417
28,P,D,-0.75,1707
28,P,N,0.12,4143
28,P,H,-3.6,3175
28,P,W,-2.85,3823
28,P,F,-0.8,2016
28,P,Y,-0.26,4133
28,P,R,-1.22,2886
28,P,K,-2.05,4702
28,P,S,-2.37,845
28,P,T,0.11,311
28,P,M,-2.85,691
28,P,A,-0.35,532
28,P,G,-4.33,1396
28,P,C,0.46,2089
28,P,X,-3.35,1898
29,T,T,1.0,3102
29,T,V,-0.21,2463
29,T,I,-2.94,3290
29,T,L,-4.5,4372
29,T,E,-0.29,971
29,T,Q,0.96,4616
29,T,D,0.92,352
29,T,N,0.16,4745
29,T,H,-1.88,3584
29,T,W,-1.02,3028
29,T,F,-3.91,1538
29,T,Y,-2.58,4901
29,T,R,-4.4,1319
29,T,K,-0.19,1600
29,T,S,-3.27,4990
29,T,M,-2.02,89
29,T,A,-3.36,3006
29,T,G,-4.81,14
29,T,P,-1.76,2217
29,T,C,-1.32,4291
29,T,X,-2.13,1909
30,V,V,1.0,3477
30,V,I,0.64,649
30,V,L,-0.18,2053
30,V,E,0.46,4433
30,V,Q,-1.42,798
30,V,D,-0.5,2859
30,V,N,-0.88,2670
30,V,H,-1.48,2098
30,V,W,-0.24,3957
30,V,F,-4.92,4936
30,V,Y,-3.89,1541
30,V,R,-2.72,713
30,V,K,-2.57,3469
30,V,S,-0.82,2126
30,V,T,-4.78,304
30,V,M,-1.61,1587
30,V,A,-1.78,1897
30,V,G,0.04,3168
30,V,P,0.59,2313
30,V,C,0.55,2231
30,V,X,-2.96,210
31,V,V,1.0,3047
31,V,I,-1.97,1945
31,V,L,0.23,1797
31,V,E,-3.51,2351
31,V,Q,-4.87,1950
31,V,D,-4.33,2483
31,V,N,-3.85,2865
31,V,H,-2.8,1537
31,V,W,-1.56,2042
31,V,F,-1.75,1824
31,V,Y,-3.35,1430
31,V,R,0.91,3817
31,V,K,-2.58,2903
31,V,S,-3.77,91
31,V,T,-2.74,147
31,V,M,-4.53,319
31,V,A,-0.79,4045
31,V,G,-0.97,1678
31,V,P,-1.71,3299
31,V,C,0.5,3871
31,V,X,-4.26,55
32,V,V,1.0,3840
32,V,I,-4.69,3752
32,V,L,-2.12,2693
32,V,E,-3.78,1731
32,V,Q,-3.99,3928
32,V,D,-0.31,3947
32,V,N,-4.37,3866
32,V,H,-2.2,2143
32,V,W,-4.29,443
32,V,F,-1.96,1741
32,V,Y,-2.58,4002
32,V,R,-1.36,3171
32,V,K,-3.7,1463
32,V,S,-4.69,312
32,V,T,-0.31,2013
32,V,M,-4.62,762
32,V,A,-1.85,3036
32,V,G,-1.87,1636
32,V,P,-2.37,4622
32,V,C,0.17,2677
32,V,X,-2.98,811
33,N,N,1.0,2433
33,N,V,0.74,1499
33,N,I,-1.42,4097
33,N,L,-2.24,3159
33,N,E,-2.87,2629
33,N,Q,-2.38,3088
33,N,D,-1.33,2416
33,N,H,-2.13,375
33,N,W,-0.45,1319
33,N,F,-4.79,4081
33,N,Y,0.67,1367
33,N,R,0.84,1630
33,N,K,0.6,1887
33,N,S,-1.31,747
33,N,T,-0.02,1342
33,N,M,-2.76,2236
33,N,A,-3.91,2809
33,N,G,-2.45,4571
33,N,P,0.84,2816
33,N,C,-4.83,1660
33,N,X,-0.08,4700
34,A,A,1.0,4386
34,A,V,-1.15,478
34,A,I,-1.03,1718
34,A,L,0.18,3060
34,A,E,-4.21,3383
34,A,Q,-4.85,3169
34,A,D,-0.78,280
34,A,N,0.71,2649
34,A,H,-1.75,2031
34,A,W,0.83,560
34,A,F,0.19,2548
34,A,Y,-0.82,119
34,A,R,-1.17,2140
34,A,K,-1.6,2139
34,A,S,0.6,383
34,A,T,-1.03,3341
34,A,M,-2.07,3252
34,A,G,-0.98,1920
34,A,P,0.89,4900
34,A,C,-1.24,469
34,A,X,0.79,167
35,A,A,1.0,4654
35,A,V,0.5,2730
35,A,I,-1.28,300
35,A,L,-3.41,2460
35,A,E,-4.39,2960
35,A,Q,-0.8,3049
35,A,D,-2.18,346
35,A,N,0.55,1100
35,A,H,-2.29,421
35,A,W,-3.81,608
35,A,F,-4.81,3461
35,A,Y,-2.61,2031
35,A,R,-2.16,3813
35,A,K,-4.26,4782
35,A,S,-3.32,1154
35,A,T,-3.71,3997
35,A,M,-0.29,3780
35,A,G,-4.83,422
35,A,P,-0.71,3682
35,A,C,-2.96,3895
35,A,X,-1.2,716
36,N,N,1.0,3151
36,N,V,-1.35,2079
36,N,I,-2.43,2975
36,N,L,0.49,1871
36,N,E,0.6,552
36,N,Q,-0.38,4951
36,N,D,-4.67,4468
36,N,H,-4.3,2947
36,N,W,0.97,1326
36,N,F,-2.56,4016
36,N,Y,-1.55,4067
36,N,R,-0.15,1300
36,N,K,-1.69,1731
36,N,S,-0.09,1874
36,N,T,-4.6,86
36,N,M,-1.33,4579
36,N,A,-2.58,2328
36,N,G,-0.67,1894
36,N,P,-4.75,2755
36,N,C,-0.34,4617
36,N,X,-4.82,1486
37,V,V,1.0,3422
37,V,I,0.03,737
37,V,L,-1.2,1233
37,V,E,-3.47,3883
37,V,Q,-1.49,1935
37,V,D,-1.46,3642
37,V,N,-3.06,1636
37,V,H,-4.76,1955
37,V,W,0.1,178
37,V,F,-2.45,3157
37,V,Y,-1.5,2340
37,V,R,-1.56,3616
37,V,K,0.4,3298
37,V,S,-3.86,3645
37,V,T,-0.91,4280
37,V,M,-4.05,2324
37,V,A,-3.1,1769
37,V,G,-0.85,4094
37,V,P,-4.99,1477
37,V,C,0.93,4842
37,V,X,-4.95,2045
38,Y,Y,1.0,1193
38,Y,V,-1.87,40
38,Y,I,-0.41,4678
38,Y,L,0.65,2462
38,Y,E,-0.55,880
38,Y,Q,-3.71,1835
38,Y,D,0.93,2395
38,Y,N,-4.66,1039
38,Y,H,-2.98,2178
38,Y,W,-0.54,777
38,Y,F,-3.99,4980
38,Y,R,-0.16,1298
38,Y,K,-2.97,2890
38,Y,S,-1.55,3331
38,Y,T,-2.52,1011
38,Y,M,-1.42,2663
38,Y,A,0.47,4156
38,Y,G,-0.57,2340
38,Y,P,-4.99,1311
38,Y,C,-3.68,931
38,Y,X,-2.28,2590
39,L,L,1.0,1893
39,L,V,-2.44,4539
39,L,I,-0.75,2490
39,L,E,0.15,4499
39,L,Q,-4.87,1379
39,L,D,-1.12,809
39,L,N,0.97,1935
39,L,H,0.32,1778
39,L,W,-4.48,755
39,L,F,0.32,1469
39,L,Y,-4.28,2466
39,L,R,-2.93,4504
39,L,K,-4.17,3126
39,L,S,-2.67,1181
39,L,T,-1.47,2598
39,L,M,-1.72,810
39,L,A,0.53,867
39,L,G,-0.63,1292
39,L,P,-0.41,1160
39,L,C,-3.77,2852
39,L,X,0.86,4221
40,K,K,1.0,2992
40,K,V,-2.04,1003
40,K,I,-2.89,1880
40,K,L,-2.69,4368
40,K,E,-4.24,1594
40,K,Q,-1.09,3031
40,K,D,-3.35,4065
40,K,N,-3.11,448
40,K,H,0.62,4449
40,K,W,-2.82,32
40,K,F,-3.3,335
40,K,Y,-0.03,1888
40,K,R,0.26,419
40,K,S,-1.6,2829
40,K,T,-4.2,1314
40,K,M,-0.58,2845
40,K,A,-4.77,4350
40,K,G,-1.59,2683
40,K,P,-2.98,2791
40,K,C,-4.54,804
40,K,X,-2.36,2984
41,H,H,1.0,591
41,H,V,-1.2,886
41,H,I,0.26,1533
41,H,L,-2.66,1511
41,H,E,-2.38,660
41,H,Q,-4.01,555
41,H,D,0.54,2149
41,H,N,-3.28,4169
41,H,W,0.61,719
41,H,F,0.28,3208
41,H,Y,0.46,4683
41,H,R,-0.02,1511
41,H,K,0.04,4752
41,H,S,-3.96,3114
41,H,T,-0.99,1321
41,H,M,0.14,4315
41,H,A,-0.29,2324
41,H,G,-4.75,2744
41,H,P,0.4,2870
41,H,C,-4.41,3257
41,H,X,-2.7,774
42,G,G,1.0,1111
42,G,V,-1.63,1561
42,G,I,0.43,3936
42,G,L,-4.06,3160
42,G,E,-3.6,1884
42,G,Q,-2.76,2895
42,G,D,-4.66,4718
42,G,N,-1.56,3081
42,G,H,0.96,88
42,G,W,-0.11,3321
42,G,F,-0.77,1126
42,G,Y,-2.21,4903
42,G,R,-2.0,4094
42,G,K,-1.74,2771
42,G,S,0.43,1631
42,G,T,0.03,4810
42,G,M,-2.75,1135
42,G,A,-3.16,2136
42,G,P,-2.65,62
42,G,C,0.85,1885
42,G,X,-4.69,3794
43,G,G,1.0,1405
43,G,V,-0.88,1567
43,G,I,-4.37,4368
43,G,L,-2.26,512
43,G,E,-2.15,1321
43,G,Q,0.75,1487
43,G,D,-2.42,2158
43,G,N,-1.41,2936
43,G,H,-2.17,4648
43,G,W,-1.73,3844
43,G,F,-3.71,3336
43,G,Y,-3.49,1634
43,G,R,-4.54,2656
43,G,K,-0.58,3844
43,G,S,-1.7,216
43,G,T,-0.65,4389
43,G,M,-4.94,780
43,G,A,-4.85,4883
43,G,P,-0.41,4593
43,G,C,-1.45,2682
43,G,X,-0.04,1223
44,G,G,1.0,565
44,G,V,-0.8,1445
44,G,I,-0.06,629
44,G,L,-3.87,4758
44,G,E,0.83,2964
44,G,Q,-2.69,1747
44,G,D,-3.25,3043
44,G,N,-0.28,2653
44,G,H,-0.47,2156
44,G,W,-4.61,4016
44,G,F,0.99,2749
44,G,Y,0.72,1074
44,G,R,-4.47,1139
44,G,K,-0.46,239
44,G,S,-4.21,4348
44,G,T,-4.82,92
44,G,M,-0.44,322
44,G,A,-4.59,581
44,G,P,-4.29,3475
44,G,C,-3.26,3061
44,G,X,-1.52,4183
45,V,V,1.0,650
45,V,I,-1.27,529
45,V,L,0.68,3377
45,V,E,-4.25,2476
45,V,Q,-3.68,108
45,V,D,-3.48,1027
45,V,N,-2.08,3850
45,V,H,-4.34,3185
45,V,W,-2.28,610
45,V,F,-4.85,3561
45,V,Y,-4.54,788
45,V,R,-4.85,2628
45,V,K,-3.76,4216
45,V,S,-3.51,3564
45,V,T,-3.21,1992
45,V,M,0.05,4584
45,V,A,-2.74,3480
45,V,G,-0.83,4286
45,V,P,-3.37,4974
45,V,C,-3.18,3974
45,V,X,-0.48,3019
46,A,A,1.0,155
46,A,V,-2.51,1715
46,A,I,-4.25,1108
46,A,L,0.96,4131
46,A,E,-3.86,2950
46,A,Q,-0.6,3629
46,A,D,-3.61,2414
46,A,N,-2.75,3722
46,A,H,-2.95,2746
46,A,W,-3.26,4733
46,A,F,-3.07,8
46,A,Y,-1.17,369
46,A,R,-3.1,1849
46,A,K,-0.7,1814
46,A,S,-2.11,3283
46,A,T,0.88,3487
46,A,M,-4.56,1911
46,A,G,-3.09,1815
46,A,P,-1.68,652
46,A,C,-2.4,3814
46,A,X,-4.01,2789
47,G,G,1.0,2706
47,G,V,-4.68,4096
47,G,I,-1.87,2122
47,G,L,-0.24,4428
47,G,E,-2.47,1105
47,G,Q,-1.37,4799
47,G,D,-0.23,2361
47,G,N,-2.38,4589
47,G,H,-2.13,2525
47,G,W,-0.78,1731
47,G,F,0.3,3114
47,G,Y,-0.34,2636
47,G,R,-3.25,2437
47,G,K,-2.97,877
47,G,S,-4.13,2812
47,G,T,-0.44,2661
47,G,M,-4.14,4299
47,G,A,0.23,2016
47,G,P,0.58,3743
47,G,C,-1.46,2642
47,G,X,-2.6,3210
48,A,A,1.0,2593
48,A,V,-1.99,3893
48,A,I,-4.91,3048
48,A,L,-2.84,1322
48,A,E,-3.77,1068
48,A,Q,-4.78,987
48,A,D,0.9,1176
48,A,N,-0.63,2518
48,A,H,0.52,4854
48,A,W,-3.89,1431
48,A,F,-1.31,748
48,A,Y,-0.4,1869
48,A,R,-1.02,3576
48,A,K,-3.81,2538
48,A,S,-0.35,3020
48,A,T,-0.91,2722
48,A,M,-1.74,4432
48,A,G,-1.45,4909
48,A,P,-4.07,1607
48,A,C,-1.11,2862
48,A,X,-4.68,4771
49,L,L,1.0,3003
49,L,V,-1.11,3968
49,L,I,-4.52,1178
49,L,E,-4.79,211
49,L,Q,-1.81,4978
49,L,D,0.45,4532
49,L,N,-4.32,265
49,L,H,-0.8,912
49,L,W,-1.14,894
49,L,F,-1.18,2222
49,L,Y,-3.02,3288
49,L,R,-1.76,882
49,L,K,-0.28,4219
49,L,S,-4.22,1999
49,L,T,-3.98,2171
49,L,M,-4.75,4201
49,L,A,-3.8,1956
49,L,G,-1.36,1972
49,L,P,-1.23,3355
49,L,C,-2.78,2769
49,L,X,-4.73,1471
50,N,N,1.0,4674
50,N,V,-1.01,364
50,N,I,0.92,4933
50,N,L,-0.6,3056
50,N,E,0.43,3093
50,N,Q,0.94,1620
50,N,D,-4.14,2364
50,N,H,-4.03,391
50,N,W,0.7,117
50,N,F,-4.74,103
50,N,Y,-4.79,2171
50,N,R,-0.96,4157
50,N,K,-2.56,3779
50,N,S,-1.89,2526
50,N,T,0.84,4587
50,N,M,-4.93,4426
50,N,A,-0.82,1788
50,N,G,-1.93,3029
50,N,P,0.31,4195
50,N,C,-3.85,4415
50,N,X,-2.08,2323
51,K,K,1.0,3023
51,K,V,-4.19,2864
51,K,I,-3.72,402
51,K,L,-4.32,2468
51,K,E,-0.3,360
51,K,Q,0.52,1279
51,K,D,-0.16,1871
51,K,N,-4.71,2538
51,K,H,-3.72,1514
51,K,W,-0.22,1465
51,K,F,-2.85,4223
51,K,Y,-4.7,2782
51,K,R,-2.13,4553
51,K,S,-3.32,4332
51,K,T,-3.13,4184
51,K,M,0.49,4987
51,K,A,-4.84,4136
51,K,G,-0.16,1494
51,K,P,0.76,4155
51,K,C,-3.29,914
51,K,X,0.91,2106
52,A,A,1.0,4890
52,A,V,-0.64,400
52,A,I,-1.96,4650
52,A,L,-1.1,3582
52,A,E,-4.59,1084
52,A,Q,-1.46,3838
52,A,D,-1.9,1609
52,A,N,-0.72,1351
52,A,H,-1.89,1974
52,A,W,-2.96,2420
52,A,F,-3.45,1591
52,A,Y,-3.37,3437
52,A,R,-3.47,3352
52,A,K,-2.5,2543
52,A,S,-4.19,2746
52,A,T,-0.39,3462
52,A,M,-1.34,1917
52,A,G,-1.57,4537
52,A,P,-3.13,3162
52,A,C,0.14,1909
52,A,X,-0.64,515
53,T,T,1.0,4556
53,T,V,0.81,1299
53,T,I,-0.03,738
53,T,L,-1.5,4907
53,T,E,0.03,1971
53,T,Q,-4.29,1753
53,T,D,-2.92,4048
53,T,N,-2.94,4777
53,T,H,-0.67,1697
53,T,W,-4.91,2084
53,T,F,-2.12,2380
53,T,Y,-4.85,4744
53,T,R,-1.23,1186
53,T,K,-4.6,1694
53,T,S,-0.78,1694
53,T,M,0.91,2985
53,T,A,0.81,1206
53,T,G,-3.4,3973
53,T,P,-4.56,3392
53,T,C,-0.91,3444
53,T,X,-1.83,647
54,N,N,1.0,280
54,N,V,-0.16,2742
54,N,I,-1.79,3436
54,N,L,-1.35,2698
54,N,E,-4.63,2502
54,N,Q,-1.32,34
54,N,D,-1.13,3953
54,N,H,-1.82,1699
54,N,W,0.15,3324
54,N,F,0.12,4967
54,N,Y,-3.15,1782
54,N,R,-0.83,4095
54,N,K,-0.23,4886
54,N,S,-2.68,4735
54,N,T,-2.29,3497
54,N,M,-3.79,3727
54,N,A,-2.88,2384
54,N,G,-3.37,2367
54,N,P,-2.24,802
54,N,C,0.31,2318
54,N,X,-0.83,4050
55,N,N,1.0,4625
55,N,V,-0.16,866
55,N,I,-1.52,4131
55,N,L,-4.68,2688
55,N,E,-3.79,1256
55,N,Q,-1.75,732
55,N,D,-2.57,616
55,N,H,-3.04,1600
55,N,W,-1.69,841
55,N,F,0.01,973
55,N,Y,0.04,1603
55,N,R,0.59,3266
55,N,K,-2.29,882
55,N,S,0.38,3321
55,N,T,-1.56,1583
55,N,M,-1.22,573
55,N,A,0.96,4848
55,N,G,-1.8,1060
55,N,P,-4.81,640
55,N,C,-4.33,964
55,N,X,-3.96,3377
56,A,A,1.0,577
56,A,V,-1.27,1026
56,A,I,-4.01,1119
56,A,L,-2.54,395
56,A,E,0.3,52
56,A,Q,-2.53,3786
56,A,D,-4.75,1497
56,A,N,0.05,4265
56,A,H,-2.53,947
56,A,W,-4.24,4281
56,A,F,-3.62,3852
56,A,Y,-1.12,3355
56,A,R,0.38,2011
56,A,K,-4.6,4587
56,A,S,-4.15,2604
56,A,T,-1.5,1988
56,A,M,-0.82,4669
56,A,G,-1.15,3808
56,A,P,-3.31,4923
56,A,C,-2.01,1033
56,A,X,-0.17,836
57,M,M,1.0,968
57,M,V,-0.95,264
57,M,I,-2.27,338
57,M,L,-0.1,2157
57,M,E,-0.53,440
57,M,Q,-4.21,4746
57,M,D,0.27,4623
57,M,N,-0.14,4365
57,M,H,-4.96,3436
57,M,W,-0.0,2188
57,M,F,-4.5,2050
57,M,Y,-2.18,3847
57,M,R,-4.82,466
57,M,K,-2.43,3818
57,M,S,0.13,437
57,M,T,0.18,4543
57,M,A,-1.31,83
57,M,G,-0.67,439
57,M,P,-2.17,4402
57,M,C,-4.07,414
57,M,X,0.88,791
58,Q,Q,1.0,2911
58,Q,V,-1.08,3614
58,Q,I,-0.07,2514
58,Q,L,-0.53,530
58,Q,E,0.05,991
58,Q,D,-4.66,4321
58,Q,N,-2.63,2499
58,Q,H,-4.08,1087
58,Q,W,-4.67,4269
58,Q,F,-0.81,3749
58,Q,Y,0.91,2369
58,Q,R,-2.49,577
58,Q,K,0.76,4136
58,Q,S,-2.64,166
58,Q,T,0.73,4745
58,Q,M,-3.3,1540
58,Q,A,-0.88,1848
58,Q,G,0.49,4482
58,Q,P,0.95,764
58,Q,C,-3.97,1782
58,Q,X,-0.17,1184
59,V,V,1.0,4219
59,V,I,-3.01,3362
59,V,L,-4.43,2994
59,V,E,0.62,2739
59,V,Q,-1.21,2886
59,V,D,-0.12,4973
59,V,N,-3.57,2334
59,V,H,-2.11,1086
59,V,W,-3.4,3213
59,V,F,-2.59,3373
59,V,Y,-0.13,4831
59,V,R,-0.41,2550
59,V,K,-4.92,1550
59,V,S,-1.91,2499
59,V,T,-3.59,2270
59,V,M,0.79,4817
59,V,A,-2.48,4824
59,V,G,0.0,4699
59,V,P,-2.69,2016
59,V,C,-3.2,4290
59,V,X,-1.23,2312
60,E,E,1.0,4670
60,E,V,-3.82,1730
60,E,I,-2.42,3645
60,E,L,-1.03,1819
60,E,Q,-1.24,4062
60,E,D,-0.38,4054
60,E,N,-1.02,460
60,E,H,-3.04,163
60,E,W,-3.75,4879
60,E,F,-4.8,4327
60,E,Y,0.51,1279
60,E,R,-2.36,3723
60,E,K,-1.54,2777
60,E,S,0.83,1488
60,E,T,0.1,2024
60,E,M,-3.36,387
60,E,A,-0.2,66
60,E,G,-4.04,2709
60,E,P,0.52,2903
60,E,C,-0.39,576
60,E,X,-2.23,4278
61,S,S,1.0,2140
61,S,V,-0.52,3567
61,S,I,-0.11,2221
61,S,L,-0.31,1752
61,S,E,-3.77,928
61,S,Q,-3.96,1321
61,S,D,-0.16,1528
61,S,N,-2.52,2018
61,S,H,-2.19,2729
61,S,W,0.81,481
61,S,F,0.56,200
61,S,Y,-3.42,2965
61,S,R,-2.04,2854
61,S,K,0.79,3395
61,S,T,-2.58,2582
61,S,M,-4.62,2638
61,S,A,-1.01,4288
61,S,G,-3.58,694
61,S,P,-2.52,1282
61,S,C,-2.76,2387
61,S,X,-3.6,1094
62,D,D,1.0,3724
62,D,V,-2.28,4019
62,D,I,-3.45,268
62,D,L,-4.05,344
62,D,E,-3.56,3309
62,D,Q,-0.66,1123
62,D,N,-2.95,2182
62,D,H,-2.66,1951
62,D,W,-4.82,2153
62,D,F,-3.46,3133
62,D,Y,-3.3,1048
62,D,R,-2.59,616
62,D,K,-4.09,641
62,D,S,-0.28,4177
62,D,T,-4.14,2018
62,D,M,-3.72,211
62,D,A,0.39,4283
62,D,G,-1.59,2277
62,D,P,-3.55,2476
62,D,C,-0.67,3991
62,D,X,-0.75,2121
63,D,D,1.0,4685
63,D,V,-1.98,489
63,D,I,-0.77,2644
63,D,L,0.73,2275
63,D,E,-2.07,228
63,D,Q,-1.35,1084
63,D,N,-4.68,563
63,D,H,-4.7,194
63,D,W,0.38,3818
63,D,F,-2.88,1278
63,D,Y,-2.59,3632
63,D,R,-4.73,4067
63,D,K,-4.93,1533
63,D,S,-0.92,4322
63,D,T,-2.76,1232
63,D,M,-3.59,898
63,D,A,-4.37,755
63,D,G,-1.71,4615
63,D,P,-1.02,3693
63,D,C,0.91,2208
63,D,X,-0.72,2083
64,Y,Y,1.0,606
64,Y,V,-1.36,412
64,Y,I,-1.85,683
64,Y,L,-1.57,787
64,Y,E,-0.75,3588
64,Y,Q,-0.91,2000
64,Y,D,-3.94,3248
64,Y,N,-0.88,1699
64,Y,H,-2.56,567
64,Y,W,-2.67,2416
64,Y,F,-0.07,930
64,Y,R,-0.07,3681
64,Y,K,-1.88,687
64,Y,S,-1.18,727
64,Y,T,-0.55,2120
64,Y,M,-0.76,451
64,Y,A,-3.84,4592
64,Y,G,-0.44,1729
64,Y,P,-2.27,3402
64,Y,C,-3.17,3575
64,Y,X,-4.79,1866
65,I,I,1.0,4525
65,I,V,-2.07,3344
65,I,L,-0.62,1701
65,I,E,-2.87,442
65,I,Q,-0.11,4596
65,I,D,-3.98,825
65,I,N,-4.25,4692
65,I,H,-3.86,544
65,I,W,-3.03,1767
65,I,F,-1.41,2820
65,I,Y,-2.86,4956
65,I,R,0.48,2541
65,I,K,-1.16,347
65,I,S,-1.5,3752
65,I,T,-4.61,1366
65,I,M,-3.26,3136
65,I,A,-3.55,4038
65,I,G,-1.39,1888
65,I,P,-4.44,2248
65,I,C,0.19,1739
65,I,X,0.22,757
66,A,A,1.0,933
66,A,V,-3.37,250
66,A,I,0.64,619
66,A,L,-2.19,972
66,A,E,-0.23,4201
66,A,Q,0.24,4032
66,A,D,-4.97,858
66,A,N,-4.1,3748
66,A,H,0.8,1609
66,A,W,-2.49,4953
66,A,F,-4.48,127
66,A,Y,0.95,752
66,A,R,0.05,2722
66,A,K,-3.47,4270
66,A,S,-3.03,3162
66,A,T,-4.72,648
66,A,M,-0.76,1970
66,A,G,-3.6,4836
66,A,P,-2.82,3860
66,A,C,-4.38,4194
66,A,X,-1.08,4510
67,T,T,1.0,4272
67,T,V,-4.5,2162
67,T,I,-4.65,90
67,T,L,-3.28,1428
67,T,E,0.65,1771
67,T,Q,-1.52,3641
67,T,D,0.53,3669
67,T,N,-0.07,1907
67,T,H,0.55,4007
67,T,W,-1.06,1060
67,T,F,-0.03,1218
67,T,Y,0.02,396
67,T,R,-0.34,1840
67,T,K,-4.2,4152
67,T,S,-2.9,2669
67,T,M,-1.6,1541
67,T,A,-2.29,2634
67,T,G,0.68,2961
67,T,P,-0.55,545
67,T,C,0.97,2448
67,T,X,-4.05,1889
68,N,N,1.0,3972
68,N,V,0.62,4240
68,N,I,-1.58,1630
68,N,L,-1.92,1548
68,N,E,0.58,3284
68,N,Q,-1.16,4143
68,N,D,-0.64,3776
68,N,H,-3.32,1976
68,N,W,-4.76,3626
68,N,F,-2.25,3775
68,N,Y,-4.8,3276
68,N,R,-3.1,1602
68,N,K,-2.27,4106
68,N,S,-3.08,1525
68,N,T,-2.63,2848
68,N,M,-2.78,1170
68,N,A,-1.15,1821
68,N,G,0.77,1724
68,N,P,-4.44,3226
68,N,C,-0.13,4101
68,N,X,-4.7,907
69,G,G,1.0,549
69,G,V,-3.14,3144
69,G,I,-4.46,4122
69,G,L,0.66,1805
69,G,E,-4.24,1044
69,G,Q,-2.28,4870
69,G,D,-0.09,712
69,G,N,-2.17,2808
69,G,H,-0.22,3065
69,G,W,-2.61,998
69,G,F,-2.04,3759
69,G,Y,-0.61,854
69,G,R,-3.89,2685
69,G,K,-2.19,3029
69,G,S,0.81,3436
69,G,T,-3.99,1444
69,G,M,0.29,2156
69,G,A,0.12,97
69,G,P,-0.1,4598
69,G,C,-4.28,2305
69,G,X,-3.56,1466
70,P,P,1.0,3005
70,P,V,0.11,3426
70,P,I,-2.64,2071
70,P,L,-1.65,2304
70,P,E,-3.65,1906
70,P,Q,0.3,2481
70,P,D,-2.42,522
70,P,N,-0.32,1102
70,P,H,-0.13,2838
70,P,W,-0.01,2103
70,P,F,-3.68,2020
70,P,Y,-1.93,4525
70,P,R,-3.37,4224
70,P,K,0.49,2014
70,P,S,-4.09,1694
70,P,T,0.2,4789
70,P,M,0.18,2071
70,P,A,-1.55,3089
70,P,G,-2.4,4548
70,P,C,-3.04,1506
70,P,X,0.74,3779
71,L,L,1.0,4731
71,L,V,-4.18,4307
71,L,I,-2.57,4665
71,L,E,-0.8,4260
71,L,Q,-3.87,1533
71,L,D,-4.21,878
71,L,N,-0.7,152
71,L,H,-1.8,504
71,L,W,-1.14,3228
71,L,F,-4.47,463
71,L,Y,-3.97,75
71,L,R,-2.16,2034
71,L,K,-4.22,33
71,L,S,-4.88,2312
71,L,T,-0.82,4563
71,L,M,0.62,4571
71,L,A,-3.39,4746
71,L,G,-3.93,2673
71,L,P,-3.19,4031
71,L,C,0.23,2532
71,L,X,-0.44,2344
72,K,K,1.0,2343
72,K,V,-1.7,3979
72,K,I,0.13,3779
72,K,L,-2.19,3917
72,K,E,-2.85,3070
72,K,Q,-3.1,1740
72,K,D,-1.26,2114
72,K,N,-0.9,3365
72,K,H,0.62,1427
72,K,W,0.57,4361
72,K,F,-1.01,3986
72,K,Y,-2.7,1341
72,K,R,-2.63,1790
72,K,S,-1.0,772
72,K,T,-0.79,4174
72,K,M,0.29,3901
72,K,A,-4.3,4121
72,K,G,-2.79,2273
72,K,P,-2.49,1983
72,K,C,-4.05,339
72,K,X,-0.73,1115
73,V,V,1.0,2933
73,V,I,-2.24,252
73,V,L,-1.65,4301
73,V,E,-0.14,4762
73,V,Q,-3.36,274
73,V,D,-0.53,4039
73,V,N,-3.77,2154
73,V,H,0.24,2684
73,V,W,-2.69,590
73,V,F,-2.19,1145
73,V,Y,-1.41,2079
73,V,R,-0.43,854
73,V,K,-1.6,2930
73,V,S,-1.67,4461
73,V,T,0.17,345
73,V,M,-2.82,2073
73,V,A,-4.28,1495
73,V,G,-4.95,3234
73,V,P,-2.44,3929
73,V,C,-3.27,184
73,V,X,-4.89,238
74,G,G,1.0,3259
74,G,V,-3.59,132
74,G,I,-0.05,1550
74,G,L,0.4,1958
74,G,E,-2.77,1607
74,G,Q,-3.72,4976
74,G,D,-2.31,2053
74,G,N,-0.43,1976
74,G,H,-2.79,1578
74,G,W,-3.68,4707
74,G,F,-1.35,2874
74,G,Y,-4.19,1364
74,G,R,-0.21,515
74,G,K,-4.35,3491
74,G,S,-2.29,305
74,G,T,-0.1,3830
74,G,M,-2.52,2453
74,G,A,0.41,692
74,G,P,-1.3,4126
74,G,C,-4.8,1629
74,G,X,-1.01,4659
75,G,G,1.0,2341
75,G,V,-3.15,2889
75,G,I,-4.11,3484
75,G,L,-1.3,3498
75,G,E,-4.91,2432
75,G,Q,0.03,761
75,G,D,-3.76,904
75,G,N,-0.45,3308
75,G,H,-0.84,15
75,G,W,-3.21,3124
75,G,F,-4.04,385
75,G,Y,-1.1,3649
75,G,R,0.75,1041
75,G,K,-2.24,4528
75,G,S,-0.17,3446
75,G,T,-3.74,364
75,G,M,-0.93,2217
75,G,A,-3.09,943
75,G,P,-2.34,4743
75,G,C,-4.49,3242
75,G,X,-4.26,2740
76,S,S,1.0,164
76,S,V,-4.14,3090
76,S,I,-4.61,1037
76,S,L,-1.41,2684
76,S,E,-4.36,4760
76,S,Q,0.1,1112
76,S,D,-4.06,275
76,S,N,-0.47,2146
76,S,H,-3.57,1250
76,S,W,-0.13,2766
76,S,F,-0.95,4455
76,S,Y,-2.15,841
76,S,R,-4.84,1209
76,S,K,-2.14,1511
76,S,T,0.95,511
76,S,M,0.96,1390
76,S,A,-1.61,1051
76,S,G,0.34,2771
76,S,P,-2.82,2251
76,S,C,-3.94,2854
76,S,X,-2.44,716
77,C,C,1.0,4615
77,C,V,0.27,225
77,C,I,-0.01,3526
77,C,L,-3.38,3273
77,C,E,-2.02,967
77,C,Q,-2.96,3319
77,C,D,-1.34,2126
77,C,N,-4.1,4021
77,C,H,-0.07,2081
77,C,W,-2.45,3704
77,C,F,0.83,285
77,C,Y,-0.1,807
77,C,R,-4.99,3261
77,C,K,-1.27,1038
77,C,S,0.68,2169
77,C,T,-2.96,903
77,C,M,-3.59,2299
77,C,A,-3.83,1666
77,C,G,-4.4,1813
77,C,P,-4.2,2627
77,C,X,0.39,1380
78,V,V,1.0,1383
78,V,I,-0.33,871
78,V,L,0.43,1722
78,V,E,-4.37,202
78,V,Q,-4.12,823
78,V,D,-0.08,4542
78,V,N,-2.82,2807
78,V,H,-1.72,1651
78,V,W,-4.49,138
78,V,F,-1.68,3328
78,V,Y,-2.91,2876
78,V,R,-4.31,2359
78,V,K,-2.51,727
78,V,S,-2.15,2097
78,V,T,-3.82,133
78,V,M,-4.97,135
78,V,A,-1.47,17
78,V,G,-1.59,2085
78,V,P,-4.68,4549
78,V,C,-1.2,4808
78,V,X,-4.02,3618
79,L,L,1.0,1279
79,L,V,-3.53,1512
79,L,I,-0.53,4992
79,L,E,-4.07,4552
79,L,Q,-0.57,762
79,L,D,0.85,3255
79,L,N,-2.6,1063
79,L,H,-2.57,1330
79,L,W,-3.37,3541
79,L,F,-1.76,3391
79,L,Y,-1.41,4612
79,L,R,-4.99,2032
79,L,K,-0.46,3611
79,L,S,-0.77,890
79,L,T,-3.01,4470
79,L,M,-3.72,4986
79,L,A,-2.35,357
79,L,G,0.02,2819
79,L,P,-1.81,2115
79,L,C,-0.85,3075
79,L,X,-0.31,81
80,S,S,1.0,539
80,S,V,0.66,3832
80,S,I,0.61,3870
80,S,L,-2.7,438
80,S,E,-3.44,183
80,S,Q,0.41,4951
80,S,D,-4.24,4469
80,S,N,-2.47,4379
80,S,H,-4.62,1613
80,S,W,-4.1,3087
80,S,F,-2.19,1394
80,S,Y,-0.17,196
80,S,R,-3.11,2050
80,S,K,-3.22,239
80,S,T,-0.61,3914
80,S,M,-3.78,928
80,S,A,-2.74,608
80,S,G,-2.98,2008
80,S,P,-3.55,1658
80,S,C,-4.85,1804
80,S,X,-3.34,1450
81,G,G,1.0,4917
81,G,V,0.53,147
81,G,I,-0.03,832
81,G,L,0.27,2846
81,G,E,-3.37,2403
81,G,Q,-4.56,2348
81,G,D,-2.66,2992
81,G,N,0.45,3534
81,G,H,-3.5,275
81,G,W,-0.84,4642
81,G,F,-1.58,4423
81,G,Y,0.4,1537
81,G,R,-4.85,1106
81,G,K,-3.63,3425
81,G,S,-4.92,2381
81,G,T,0.05,1130
81,G,M,-4.88,2683
81,G,A,-3.22,3176
81,G,P,-4.33,1386
81,G,C,-0.7,2853
81,G,X,0.68,3126
82,H,H,1.0,3175
82,H,V,-3.69,2061
82,H,I,-4.24,3324
82,H,L,0.11,3332
82,H,E,-3.65,592
82,H,Q,-1.09,3404
82,H,D,-2.69,3212
82,H,N,-3.74,3789
82,H,W,-2.14,2596
82,H,F,-4.21,1767
82,H,Y,-2.63,2805
82,H,R,-1.28,999
82,H,K,-3.91,2180
82,H,S,-1.05,219
82,H,T,-1.93,3706
82,H,M,-4.97,3024
82,H,A,-0.46,3507
82,H,G,-4.28,4943
82,H,P,-1.49,259
82,H,C,-3.66,1551
82,H,X,-3.09,219
83,N,N,1.0,2364
83,N,V,-3.33,3381
83,N,I,-2.71,1764
83,N,L,0.77,1353
83,N,E,0.96,4983
83,N,Q,-4.98,807
83,N,D,-3.1,4199
83,N,H,0.14,1849
83,N,W,-1.8,1170
83,N,F,-0.71,3618
83,N,Y,0.73,2303
83,N,R,-2.89,3413
83,N,K,-3.48,3848
83,N,S,-4.42,3505
83,N,T,-0.76,3739
83,N,M,-0.31,1993
83,N,A,-1.5,4835
83,N,G,0.87,4126
83,N,P,-2.1,3959
83,N,C,-1.41,2914
83,N,X,0.65,749
84,L,L,1.0,4643
84,L,V,-1.19,2217
84,L,I,-1.14,1419
84,L,E,0.28,2694
84,L,Q,-3.67,2406
84,L,D,-0.23,3924
84,L,N,-0.52,1092
84,L,H,-0.85,2537
84,L,W,-4.39,4239
84,L,F,-1.54,3722
84,L,Y,-1.2,253
84,L,R,-3.94,2026
84,L,K,0.19,2794
84,L,S,-4.58,2217
84,L,T,0.27,4756
84,L,M,-1.14,4933
84,L,A,-0.17,3308
84,L,G,-3.17,2645
84,L,P,-3.02,2436
84,L,C,-4.09,3846
84,L,X,-4.96,3047
85,A,A,1.0,1258
85,A,V,-4.75,3800
85,A,I,-0.78,2919
85,A,L,-3.38,4201
85,A,E,-1.82,1943
85,A,Q,-4.93,1897
85,A,D,-2.28,690
85,A,N,0.32,1580
85,A,H,-4.75,2306
85,A,W,-3.91,3175
85,A,F,-2.15,4252
85,A,Y,-2.31,4398
85,A,R,0.28,3880
85,A,K,-0.28,3165
85,A,S,-0.11,2936
85,A,T,0.12,3276
85,A,M,-4.59,4531
85,A,G,-0.32,1165
85,A,P,-4.38,831
85,A,C,-2.16,4913
85,A,X,-1.93,1110
86,K,K,1.0,1091
86,K,V,-1.31,2974
86,K,I,0.84,4693
86,K,L,0.7,701
86,K,E,0.21,2510
86,K,Q,-2.6,3971
86,K,D,-1.69,3257
86,K,N,-3.19,2744
86,K,H,-0.55,3831
86,K,W,-0.85,3957
86,K,F,-3.38,4610
86,K,Y,-2.1,3020
86,K,R,0.21,4596
86,K,S,-0.82,1920
86,K,T,-4.72,2307
86,K,M,-2.28,1573
86,K,A,-1.57,4465
86,K,G,-3.39,1765
86,K,P,-3.56,1164
86,K,C,-0.28,3465
86,K,X,-1.47,4471
87,H,H,1.0,2444
87,H,V,-1.2,2034
87,H,I,-1.34,1903
87,H,L,-3.87,4653
87,H,E,-3.76,3430
87,H,Q,-1.11,3640
87,H,D,-3.36,3381
87,H,N,-0.84,2199
87,H,W,-0.02,105
87,H,F,-3.91,2967
87,H,Y,-3.98,2224
87,H,R,1.0,4758
87,H,K,0.72,2211
87,H,S,-4.12,1372
87,H,T,-3.29,1392
87,H,M,-2.19,1015
87,H,A,-0.09,4821
87,H,G,-0.23,2736
87,H,P,0.57,1767
87,H,C,-0.84,2133
87,H,X,-2.02,1661
88,C,C,1.0,4828
88,C,V,-1.87,4221
88,C,I,-0.88,3291
88,C,L,0.5,270
88,C,E,0.92,998
88,C,Q,-2.33,2582
88,C,D,0.57,4826
88,C,N,-2.98,1506
88,C,H,-0.04,4595
88,C,W,-2.61,2932
88,C,F,-3.8,65
88,C,Y,-0.47,4846
88,C,R,-3.64,4423
88,C,K,-1.22,276
88,C,S,-0.5,1262
88,C,T,-0.18,2244
88,C,M,-0.69,1667
88,C,A,-0.98,2793
88,C,G,-0.15,4663
88,C,P,-0.11,3713
88,C,X,-2.36,567
89,L,L,1.0,273
89,L,V,-3.13,1431
89,L,I,-3.6,1810
89,L,E,0.89,1363
89,L,Q,-1.24,602
89,L,D,-3.43,2626
89,L,N,0.91,2852
89,L,H,-0.3,2374
89,L,W,-3.42,3320
89,L,F,-0.42,2760
89,L,Y,-2.36,4700
89,L,R,-0.6,366
89,L,K,-4.7,2174
89,L,S,-0.63,4267
89,L,T,-4.6,3652
89,L,M,-4.54,3374
89,L,A,-4.6,417
89,L,G,-3.31,1758
89,L,P,-0.46,1122
89,L,C,-0.65,400
89,L,X,-2.62,4113
90,H,H,1.0,2870
90,H,V,0.4,3814
90,H,I,-0.23,3349
90,H,L,-3.75,1414
90,H,E,-0.42,2477
90,H,Q,-0.78,2438
90,H,D,-4.19,3461
90,H,N,-0.92,4520
90,H,W,0.84,2026
90,H,F,-3.14,4686
90,H,Y,0.16,1491
90,H,R,-3.02,2406
90,H,K,-2.72,136
90,H,S,0.32,2495
90,H,T,-3.84,1522
90,H,M,-0.1,3683
90,H,A,-4.73,1647
90,H,G,-2.18,4047
90,H,P,-1.35,2641
90,H,C,-3.33,3966
90,H,X,-2.23,3215
91,V,V,1.0,2691
91,V,I,0.24,1705
91,V,L,-4.53,1758
91,V,E,-4.33,1848
91,V,Q,-3.81,3145
91,V,D,-0.99,2968
91,V,N,0.6,3251
91,V,H,-4.93,1503
91,V,W,-4.85,749
91,V,F,0.44,1267
91,V,Y,-0.81,1212
91,V,R,-0.89,2573
91,V,K,-4.48,2533
91,V,S,-4.93,4063
91,V,T,0.09,2047
91,V,M,-4.68,1239
91,V,A,-2.73,1987
91,V,G,-2.49,2523
91,V,P,-2.77,2313
91,V,C,-3.34,4128
91,V,X,-2.57,2859
92,V,V,1.0,1814
92,V,I,0.48,1031
92,V,L,-2.3,2326
92,V,E,-0.87,2523
92,V,Q,0.08,2652
92,V,D,-3.28,1179
92,V,N,-0.65,4443
92,V,H,-1.73,2017
92,V,W,0.94,2029
92,V,F,-2.94,3918
92,V,Y,-1.97,4479
92,V,R,-2.96,304
92,V,K,-1.94,1168
92,V,S,-4.67,723
92,V,T,-3.93,3341
92,V,M,-0.02,2805
92,V,A,-4.1,1123
92,V,G,-3.27,638
92,V,P,-3.7,2722
92,V,C,-4.39,1986
92,V,X,-4.53,90
93,G,G,1.0,2353
93,G,V,0.84,492
93,G,I,-0.47,2123
93,G,L,-1.22,2207
93,G,E,-3.36,778
93,G,Q,-1.12,4241
93,G,D,-4.3,3197
93,G,N,-4.63,3144
93,G,H,-3.41,3641
93,G,W,-2.41,3327
93,G,F,-0.6,4354
93,G,Y,-3.03,3629
93,G,R,-0.64,1363
93,G,K,-3.98,2991
93,G,S,-4.8,4474
93,G,T,-4.39,3482
93,G,M,-3.87,4759
93,G,A,-3.51,4957
93,G,P,0.74,2111
93,G,C,-4.98,3256
93,G,X,-4.84,3924
94,P,P,1.0,862
94,P,V,-4.33,701
94,P,I,-3.12,687
94,P,L,-3.56,2225
94,P,E,-3.97,4981
94,P,Q,-1.81,889
94,P,D,-1.44,373
94,P,N,-2.11,2747
94,P,H,-0.34,4654
94,P,W,-1.12,653
94,P,F,-0.9,2274
94,P,Y,-0.84,2526
94,P,R,-4.79,2068
94,P,K,-4.18,4743
94,P,S,-4.92,1965
94,P,T,0.45,651
94,P,M,-3.83,147
94,P,A,-4.55,824
94,P,G,-2.01,4482
94,P,C,-3.66,2098
94,P,X,-2.04,1317
95,N,N,1.0,1838
95,N,V,-4.39,2110
95,N,I,0.33,19
95,N,L,-0.8,4836
95,N,E,-1.11,4588
95,N,Q,-4.73,396
95,N,D,-1.23,1186
95,N,H,-4.03,12
95,N,W,-3.21,277
95,N,F,-2.02,754
95,N,Y,-3.77,2026
95,N,R,0.98,4024
95,N,K,-4.21,687
95,N,S,0.7,2112
95,N,T,0.69,420
95,N,M,-2.8,4275
95,N,A,-2.79,3418
95,N,G,-4.59,2968
95,N,P,-4.03,865
95,N,C,-4.15,1750
95,N,X,-3.52,3380
96,V,V,1.0,219
96,V,I,-4.56,4463
96,V,L,-2.19,203
96,V,E,-3.91,94
96,V,Q,-1.48,79
96,V,D,-4.45,3012
96,V,N,-3.55,2817
96,V,H,-2.31,4502
96,V,W,-2.0,4433
96,V,F,-1.37,3145
96,V,Y,-1.56,1836
96,V,R,-0.48,4527
96,V,K,-1.77,1130
96,V,S,-2.17,2853
96,V,T,0.33,2745
96,V,M,-3.46,1927
96,V,A,-3.29,2299
96,V,G,-4.78,4979
96,V,P,0.86,3919
96,V,C,-3.87,1861
96,V,X,-2.31,75
97,N,N,1.0,2870
97,N,V,-3.13,125
97,N,I,-3.04,3971
97,N,L,-1.21,3123
97,N,E,-1.58,758
97,N,Q,-1.7,3801
97,N,D,-0.23,824
97,N,H,-3.51,881
97,N,W,0.07,4085
97,N,F,0.1,4374
97,N,Y,-0.85,2037
97,N,R,-3.48,3703
97,N,K,-4.86,1285
97,N,S,-0.58,1495
97,N,T,1.0,3165
97,N,M,-2.8,1279
97,N,A,-0.3,1599
97,N,G,-1.97,2118
97,N,P,-1.72,1711
97,N,C,-3.12,1162
97,N,X,-2.26,1679
98,K,K,1.0,810
98,K,V,-1.71,2424
98,K,I,-4.59,1714
98,K,L,-4.52,2210
98,K,E,0.14,857
98,K,Q,0.72,2018
98,K,D,0.92,3251
98,K,N,-3.37,225
98,K,H,-4.03,2870
98,K,W,-3.26,2645
98,K,F,-1.21,4105
98,K,Y,-3.05,436
98,K,R,-2.93,840
98,K,S,-2.18,884
98,K,T,-2.37,894
98,K,M,-1.9,3217
98,K,A,-0.64,4731
98,K,G,-2.46,1115
98,K,P,0.22,3565
98,K,C,0.3,1582
98,K,X,-4.74,1820
99,G,G,1.0,1884
99,G,V,-4.75,2224
99,G,I,0.63,64
99,G,L,-1.95,2997
99,G,E,-1.83,1662
99,G,Q,0.01,4494
99,G,D,-3.42,335
99,G,N,-2.83,3448
99,G,H,-0.89,533
99,G,W,-0.39,793
99,G,F,-3.43,2681
99,G,Y,-1.01,1457
99,G,R,0.75,664
99,G,K,-4.4,2611
99,G,S,-3.24,1285
99,G,T,0.68,2350
99,G,M,-1.65,2130
99,G,A,-1.1,3452
99,G,P,-0.27,958
99,G,C,-0.9,2653
99,G,X,-2.68,3628
100,E,E,1.0,4794
100,E,V,-1.57,4804
100,E,I,-4.65,3848
100,E,L,-4.31,3834
100,E,Q,-0.44,428
100,E,D,-4.21,824
100,E,N,-0.56,2606
100,E,H,-4.52,2756
100,E,W,0.67,263
100,E,F,-0.98,4665
100,E,Y,-0.82,208
100,E,R,-0.78,1063
100,E,K,-2.72,808
100,E,S,-1.05,4696
100,E,T,-1.66,611
100,E,M,-2.24,2635
100,E,A,-2.51,2793
100,E,G,-1.1,3203
100,E,P,-3.87,1066
100,E,C,-2.03,4564
100,E,X,0.98,4205
101,D,D,1.0,948
101,D,V,-2.17,2241
101,D,I,-3.58,1324
101,D,L,-4.41,1993
101,D,E,0.84,2088
101,D,Q,-3.81,2100
101,D,N,-2.38,1412
101,D,H,-0.05,1404
101,D,W,-0.24,328
101,D,F,-4.24,14
101,D,Y,-0.93,3956
101,D,R,-4.15,3938
101,D,K,-3.0,4809
101,D,S,-0.02,4771
101,D,T,-2.06,1207
101,D,M,-2.56,2891
101,D,A,-3.21,1040
101,D,G,0.15,4441
101,D,P,-5.0,3487
101,D,C,0.4,4396
101,D,X,-2.67,899
102,I,I,1.0,4165
102,I,V,-1.84,2539
102,I,L,-2.63,57
102,I,E,-4.21,2981
102,I,Q,-3.64,4238
102,I,D,-3.98,2461
102,I,N,-4.18,1117
102,I,H,0.01,1921
102,I,W,-0.83,2185
102,I,F,-1.7,4772
102,I,Y,-0.38,2923
102,I,R,-2.96,1588
102,I,K,-4.76,3507
102,I,S,-0.01,2247
102,I,T,-0.08,2352
102,I,M,-0.08,3876
102,I,A,-1.3,1662
102,I,G,-3.38,2137
102,I,P,-2.38,866
102,I,C,-4.77,1534
102,I,X,-0.94,2146
103,Q,Q,1.0,923
103,Q,V,-1.98,3619
103,Q,I,-4.69,4324
103,Q,L,0.2,883
103,Q,E,-3.33,3839
103,Q,D,0.21,1776
103,Q,N,0.49,360
103,Q,H,-4.66,3454
103,Q,W,-3.34,265
103,Q,F,-0.64,696
103,Q,Y,0.19,1502
103,Q,R,-4.66,2707
103,Q,K,-4.21,2894
103,Q,S,0.94,2550
103,Q,T,-2.11,2450
103,Q,M,-1.79,865
103,Q,A,0.42,811
103,Q,G,-0.47,1293
103,Q,P,-2.08,4180
103,Q,C,0.47,2851
103,Q,X,-0.44,4824
104,L,L,1.0,2826
104,L,V,-0.67,2031
104,L,I,-3.29,1887
104,L,E,-0.43,1368
104,L,Q,-0.64,925
104,L,D,-0.06,2502
104,L,N,-2.1,4393
104,L,H,-3.1,1123
104,L,W,-4.72,1580
104,L,F,0.48,100
104,L,Y,-0.89,106
104,L,R,-1.31,1125
104,L,K,0.71,3236
104,L,S,-1.82,473
104,L,T,0.81,3596
104,L,M,-0.04,4875
104,L,A,-2.81,222
104,L,G,-3.69,751
104,L,P,-4.12,798
104,L,C,-1.66,1811
104,L,X,-0.33,41
105,L,L,1.0,4776
105,L,V,-1.07,3174
105,L,I,-3.06,4310
105,L,E,-3.72,3834
105,L,Q,-2.42,1714
105,L,D,-1.16,3740
105,L,N,-2.05,2621
105,L,H,-4.15,2122
105,L,W,-3.74,3709
105,L,F,0.9,3569
105,L,Y,-3.43,329
105,L,R,-3.04,1154
105,L,K,-0.38,1777
105,L,S,-3.89,1441
105,L,T,-1.58,4651
105,L,M,-0.62,4844
105,L,A,-4.58,208
105,L,G,-1.21,868
105,L,P,-3.31,2001
105,L,C,-1.3,3158
105,L,X,-2.58,2356
106,K,K,1.0,2927
106,K,V,-4.21,2223
106,K,I,-4.77,89
106,K,L,-4.29,1454
106,K,E,-2.7,71
106,K,Q,-1.55,698
106,K,D,-0.51,1801
106,K,N,-4.05,2268
106,K,H,-0.21,3229
106,K,W,-3.73,157
106,K,F,0.83,4493
106,K,Y,-2.41,762
106,K,R,0.78,2631
106,K,S,0.51,4880
106,K,T,-1.05,3844
106,K,M,-3.59,1613
106,K,A,-4.35,848
106,K,G,-2.17,2808
106,K,P,-2.96,866
106,K,C,-3.88,240
106,K,X,0.65,3582
107,S,S,1.0,157
107,S,V,-2.13,2436
107,S,I,-1.91,1784
107,S,L,-4.28,862
107,S,E,0.41,1232
107,S,Q,-4.14,540
107,S,D,-0.39,1985
107,S,N,-4.47,1527
107,S,H,0.05,1894
107,S,W,0.25,920
107,S,F,0.14,2448
107,S,Y,-4.4,4801
107,S,R,-3.21,2030
107,S,K,-4.08,1563
107,S,T,-1.93,1580
107,S,M,-4.57,151
107,S,A,0.86,2378
107,S,G,-0.91,3021
107,S,P,-1.26,3021
107,S,C,-0.16,2561
107,S,X,-4.4,2671
108,A,A,1.0,85
108,A,V,-2.58,1764
108,A,I,-1.45,1226
108,A,L,-2.35,1938
108,A,E,-0.97,3577
108,A,Q,-0.06,1368
108,A,D,-4.84,1309
108,A,N,-2.48,1527
108,A,H,-2.2,2763
108,A,W,0.24,3676
108,A,F,-1.38,1339
108,A,Y,-4.51,4460
108,A,R,-3.1,457
108,A,K,0.03,3489
108,A,S,-4.29,4749
108,A,T,-2.98,1091
108,A,M,-0.59,2584
108,A,G,0.51,2560
108,A,P,-2.9,4155
108,A,C,-4.4,2503
108,A,X,-1.38,773
109,Y,Y,1.0,426
109,Y,V,-1.96,4310
109,Y,I,-4.13,2787
109,Y,L,-0.48,3879
109,Y,E,-2.28,4283
109,Y,Q,-1.13,3042
109,Y,D,-3.67,460
109,Y,N,-2.53,2899
109,Y,H,0.77,3848
109,Y,W,-0.82,3215
109,Y,F,-0.45,4144
109,Y,R,-4.95,3997
109,Y,K,-3.57,520
109,Y,S,-2.99,2571
109,Y,T,-3.41,846
109,Y,M,-1.87,680
109,Y,A,0.71,1518
109,Y,G,-3.14,4346
109,Y,P,-2.75,1031
109,Y,C,-1.33,3564
109,Y,X,-2.06,2416
110,E,E,1.0,4762
110,E,V,-2.8,3772
110,E,I,-2.71,1220
110,E,L,-1.7,2281
110,E,Q,-1.1,2841
110,E,D,-0.73,3349
110,E,N,-2.9,3649
110,E,H,-4.43,1768
110,E,W,-0.04,3846
110,E,F,-4.32,1675
110,E,Y,0.41,1549
110,E,R,-3.45,411
110,E,K,-4.08,1644
110,E,S,-4.65,545
110,E,T,0.86,263
110,E,M,-3.73,2801
110,E,A,-4.48,1860
110,E,G,-1.04,404
110,E,P,-0.63,1415
110,E,C,-0.1,3722
110,E,X,0.92,2452
111,N,N,1.0,3666
111,N,V,-4.64,383
111,N,I,-4.99,1659
111,N,L,-3.84,1223
111,N,E,0.63,2094
111,N,Q,-3.24,3549
111,N,D,-4.26,1455
111,N,H,-3.92,2754
111,N,W,-0.99,318
111,N,F,-2.65,1526
111,N,Y,-3.12,1140
111,N,R,-2.34,3032
111,N,K,0.96,4962
111,N,S,0.82,1596
111,N,T,-1.99,3831
111,N,M,-0.36,4463
111,N,A,-3.32,3630
111,N,G,-1.44,4390
111,N,P,-1.98,4281
111,N,C,-0.98,4212
111,N,X,-3.6,370
112,F,F,1.0,1252
112,F,V,0.88,957
112,F,I,-3.58,3249
112,F,L,-2.68,517
112,F,E,-0.62,567
112,F,Q,-0.35,1041
112,F,D,0.46,4578
112,F,N,-3.94,3085
112,F,H,-3.2,3105
112,F,W,0.74,1190
112,F,Y,-3.41,2074
112,F,R,-0.11,280
112,F,K,-3.59,4233
112,F,S,-0.54,1912
112,F,T,-2.92,4679
112,F,M,0.54,3011
112,F,A,-4.16,1047
112,F,G,-2.95,4234
112,F,P,-1.66,2335
112,F,C,-4.77,722
112,F,X,-3.01,4436
113,N,N,1.0,4543
113,N,V,-3.98,3880
113,N,I,-1.35,3555
113,N,L,-0.47,407
113,N,E,-0.73,518
113,N,Q,-0.51,616
113,N,D,-2.36,2055
113,N,H,-4.82,3411
113,N,W,-1.94,4622
113,N,F,-1.49,4673
113,N,Y,-0.23,3642
113,N,R,0.18,4609
113,N,K,-1.47,2853
113,N,S,-2.25,1915
113,N,T,-4.59,4896
113,N,M,0.85,4893
113,N,A,0.89,1792
113,N,G,-3.44,334
113,N,P,-1.04,1975
113,N,C,-4.79,1800
113,N,X,-2.19,1950
114,Q,Q,1.0,1978
114,Q,V,0.24,3134
114,Q,I,-3.04,748
114,Q,L,-0.92,2686
114,Q,E,-0.92,163
114,Q,D,-0.91,3564
114,Q,N,-4.18,4061
114,Q,H,-3.07,4735
114,Q,W,-4.86,4912
114,Q,F,-1.29,3820
114,Q,Y,-1.4,3970
114,Q,R,-2.68,1006
114,Q,K,-0.9,3132
114,Q,S,-3.56,4356
114,Q,T,-2.96,4436
114,Q,M,-4.01,3466
114,Q,A,-1.57,170
114,Q,G,-0.61,2062
114,Q,P,-3.19,3929
114,Q,C,0.21,3541
114,Q,X,-4.74,4862
115,H,H,1.0,453
115,H,V,-1.94,507
115,H,I,-4.4,2703
115,H,L,-3.61,1593
115,H,E,0.17,1827
115,H,Q,-1.78,573
115,H,D,0.01,2728
115,H,N,-1.61,2326
115,H,W,0.99,3555
115,H,F,-2.17,3872
115,H,Y,-0.05,710
115,H,R,0.2,2009
115,H,K,-3.44,251
115,H,S,-4.69,1931
115,H,T,0.57,210
115,H,M,0.19,106
115,H,A,-3.51,2049
115,H,G,-3.79,257
115,H,P,0.21,1834
115,H,C,-2.17,4858
115,H,X,-3.76,3686
116,E,E,1.0,3342
116,E,V,-0.46,1440
116,E,I,0.36,4825
116,E,L,0.99,1226
116,E,Q,0.73,519
116,E,D,-2.01,2832
116,E,N,-2.65,938
116,E,H,-2.44,3590
116,E,W,0.91,7
116,E,F,0.36,806
116,E,Y,-4.09,2243
116,E,R,0.39,2177
116,E,K,-4.31,146
116,E,S,-0.53,4259
116,E,T,-2.36,691
116,E,M,-0.8,3693
116,E,A,-3.18,1575
116,E,G,-4.01,220
116,E,P,-3.45,344
116,E,C,-3.45,3153
116,E,X,-2.98,4313
117,V,V,1.0,1161
117,V,I,-1.76,117
117,V,L,-2.47,752
117,V,E,-1.44,4900
117,V,Q,-2.63,1220
117,V,D,-0.79,3410
117,V,N,-0.69,4203
117,V,H,-1.81,749
117,V,W,0.97,863
117,V,F,-0.21,4883
117,V,Y,-2.89,1918
117,V,R,-1.84,3119
117,V,K,-2.45,2235
117,V,S,0.4,2160
117,V,T,-0.01,3497
117,V,M,-0.71,2303
117,V,A,-1.22,3866
117,V,G,-1.71,1251
117,V,P,-4.88,3454
117,V,C,-4.99,4170
117,V,X,-1.07,2186
118,L,L,1.0,3613
118,L,V,-3.32,3727
118,L,I,0.83,3580
118,L,E,-4.35,2811
118,L,Q,-1.82,2759
118,L,D,-3.02,361
118,L,N,-3.97,4163
118,L,H,-3.61,2318
118,L,W,-0.33,3483
118,L,F,-2.43,4369
118,L,Y,-2.5,3155
118,L,R,-3.65,4779
118,L,K,-4.39,3594
118,L,S,-0.82,3536
118,L,T,-3.08,2943
118,L,M,-0.22,4327
118,L,A,-1.32,4701
118,L,G,-3.49,505
118,L,P,-2.41,3097
118,L,C,-3.33,57
118,L,X,-4.55,355
119,L,L,1.0,3895
119,L,V,-3.19,4462
119,L,I,-2.19,2074
119,L,E,0.43,1066
119,L,Q,-2.43,1811
119,L,D,-0.27,1448
119,L,N,-4.19,4814
119,L,H,0.05,547
119,L,W,-1.89,1872
119,L,F,-1.42,1434
119,L,Y,-3.16,2407
119,L,R,-1.54,2667
119,L,K,-4.08,4765
119,L,S,-0.05,1051
119,L,T,0.16,1371
119,L,M,-0.69,4562
119,L,A,-0.26,4595
119,L,G,-1.69,4162
119,L,P,0.64,4072
119,L,C,-1.99,1242
119,L,X,-0.42,3653
120,A,A,1.0,1338
120,A,V,-0.85,215
120,A,I,-0.48,1801
120,A,L,-2.86,3911
120,A,E,-0.34,711
120,A,Q,-3.96,3427
120,A,D,-4.94,3571
120,A,N,-3.62,4329
120,A,H,-1.11,2815
120,A,W,-3.72,4690
120,A,F,-3.08,3744
120,A,Y,-2.67,1353
120,A,R,-3.45,1050
120,A,K,-2.54,4032
120,A,S,-4.28,2689
120,A,T,-2.44,2187
120,A,M,-1.69,1003
120,A,G,-2.17,3782
120,A,P,-3.61,2038
120,A,C,-1.23,334
120,A,X,-4.66,3302
121,P,P,1.0,3232
121,P,V,-3.42,292
121,P,I,-0.8,3735
121,P,L,-0.4,1238
121,P,E,-0.11,1700
121,P,Q,0.91,3631
121,P,D,-0.29,2258
121,P,N,-2.51,2413
121,P,H,-4.91,2425
121,P,W,-1.63,672
121,P,F,-1.52,1337
121,P,Y,-1.61,4869
121,P,R,-3.34,4774
121,P,K,-1.01,1590
121,P,S,-3.42,1418
121,P,T,-4.37,4526
121,P,M,-1.34,4503
121,P,A,0.93,2976
121,P,G,0.18,1832
121,P,C,-2.71,1208
121,P,X,-1.64,3396
122,L,L,1.0,540
122,L,V,-4.01,691
122,L,I,-2.6,4842
122,L,E,0.42,3680
122,L,Q,-2.21,487
122,L,D,-2.35,3462
122,L,N,0.25,2088
122,L,H,-2.8,4039
122,L,W,-0.01,75
122,L,F,-0.86,2035
122,L,Y,-0.39,2438
122,L,R,-0.94,2404
122,L,K,0.54,1083
122,L,S,-1.15,1674
122,L,T,-3.25,3408
122,L,M,-2.91,41
122,L,A,-2.81,3241
122,L,G,-2.07,971
122,L,P,0.93,4044
122,L,C,-4.59,1185
122,L,X,-4.68,3427
123,L,L,1.0,2896
123,L,V,-4.57,190
123,L,I,-2.54,2174
123,L,E,-2.88,4977
123,L,Q,-4.46,3313
123,L,D,-0.03,3346
123,L,N,-3.59,1516
123,L,H,-2.33,3612
123,L,W,-3.76,4137
123,L,F,-2.72,4213
123,L,Y,-2.13,897
123,L,R,-2.51,1508
123,L,K,0.28,4390
123,L,S,-4.27,4021
123,L,T,-2.95,4090
123,L,M,0.76,1067
123,L,A,-4.38,4196
123,L,G,-3.73,1797
123,L,P,-1.57,1098
123,L,C,-3.99,3688
123,L,X,-2.52,2733
124,S,S,1.0,296
124,S,V,-0.25,3787
124,S,I,-2.67,4876
124,S,L,-2.88,4662
124,S,E,-3.11,492
124,S,Q,-4.83,1053
124,S,D,-0.45,540
124,S,N,-3.15,2714
124,S,H,-3.86,2509
124,S,W,-4.38,3307
124,S,F,-4.82,922
124,S,Y,-4.26,4674
124,S,R,-2.48,563
124,S,K,-3.44,2145
124,S,T,0.04,2112
124,S,M,-2.44,2783
124,S,A,-1.99,2403
124,S,G,-4.4,706
124,S,P,0.69,2779
124,S,C,-2.88,3684
124,S,X,-4.45,2769
125,A,A,1.0,4048
125,A,V,0.75,1537
125,A,I,-4.2,167
125,A,L,-3.08,3844
125,A,E,-2.62,3564
125,A,Q,-3.25,4657
125,A,D,0.97,4380
125,A,N,-4.46,2882
125,A,H,-4.63,2380
125,A,W,-3.28,2738
125,A,F,-4.5,2676
125,A,Y,-4.79,2158
125,A,R,0.17,2031
125,A,K,-4.99,2612
125,A,S,-0.1,1441
125,A,T,-2.65,2835
125,A,M,-2.96,4312
125,A,G,-3.02,78
125,A,P,-1.11,752
125,A,C,-2.26,145
125,A,X,-3.47,2654
126,G,G,1.0,970
126,G,V,-2.88,1620
126,G,I,-3.99,3173
126,G,L,-2.2,2816
126,G,E,0.18,3512
126,G,Q,-3.69,1674
126,G,D,-3.83,4605
126,G,N,-4.53,223
126,G,H,-2.1,2588
126,G,W,-2.84,2927
126,G,F,-3.27,4325
126,G,Y,-0.31,3219
126,G,R,0.95,3985
126,G,K,-0.63,2165
126,G,S,-1.69,498
126,G,T,-2.12,3511
126,G,M,-3.36,1062
126,G,A,-4.09,550
126,G,P,0.24,2467
126,G,C,-3.97,1287
126,G,X,-0.22,4574
127,I,I,1.0,3946
127,I,V,-1.29,2197
127,I,L,-3.08,942
127,I,E,-3.04,4723
127,I,Q,-1.29,900
127,I,D,-3.88,2181
127,I,N,0.01,3089
127,I,H,-3.68,2902
127,I,W,-2.72,642
127,I,F,-2.75,1414
127,I,Y,-4.09,3778
127,I,R,-2.9,530
127,I,K,-4.13,1165
127,I,S,0.14,4711
127,I,T,-1.13,3533
127,I,M,0.38,2224
127,I,A,-1.85,416
127,I,G,-3.05,1903
127,I,P,0.4,3021
127,I,C,-4.26,4596
127,I,X,-3.08,2057
128,F,F,1.0,4467
128,F,V,0.64,2239
128,F,I,-2.52,4391
128,F,L,-1.87,2799
128,F,E,-4.81,4732
128,F,Q,-3.64,716
128,F,D,-0.55,843
128,F,N,-0.35,3143
128,F,H,-1.33,1976
128,F,W,-4.25,2854
128,F,Y,-1.27,4466
128,F,R,-0.13,3534
128,F,K,-2.68,2541
128,F,S,-0.86,1313
128,F,T,-1.29,41
128,F,M,-1.69,857
128,F,A,-3.18,4521
128,F,G,-3.24,2058
128,F,P,-4.85,1531
128,F,C,0.36,1263
128,F,X,0.53,3333
129,G,G,1.0,3608
129,G,V,0.77,4771
129,G,I,-0.8,1637
129,G,L,-1.45,3420
129,G,E,-2.81,2735
129,G,Q,-4.78,3115
129,G,D,-2.73,37
129,G,N,0.62,2541
129,G,H,-2.65,2718
129,G,W,-4.08,2172
129,G,F,-4.71,1371
129,G,Y,-0.88,4310
129,G,R,-0.06,4827
129,G,K,0.5,3876
129,G,S,-4.49,4645
129,G,T,-1.16,87
129,G,M,-0.44,520
129,G,A,-4.83,1957
129,G,P,-2.37,737
129,G,C,-0.39,2060
129,G,X,0.72,2473
130,A,A,1.0,4230
130,A,V,-3.16,2602
130,A,I,-4.97,287
130,A,L,-1.95,4458
130,A,E,0.07,1274
130,A,Q,-4.86,3067
130,A,D,-2.36,2636
130,A,N,-3.74,2488
130,A,H,-0.21,2885
130,A,W,-4.34,4299
130,A,F,-2.34,4593
130,A,Y,-4.59,2217
130,A,R,0.85,3136
130,A,K,-4.82,2633
130,A,S,-1.89,2015
130,A,T,-1.79,2533
130,A,M,-0.45,658
130,A,G,0.08,383
130,A,P,0.81,272
130,A,C,0.09,4887
130,A,X,0.7,837
131,D,D,1.0,3131
131,D,V,-4.91,1708
131,D,I,-4.55,4920
131,D,L,-4.66,846
131,D,E,-2.96,4702
131,D,Q,-0.45,4699
131,D,N,0.75,3435
131,D,H,0.37,1698
131,D,W,-3.81,3357
131,D,F,0.25,343
131,D,Y,0.37,778
131,D,R,-1.57,1382
131,D,K,-1.44,2283
131,D,S,-4.06,2623
131,D,T,-4.73,3057
131,D,M,-2.38,571
131,D,A,-1.39,3634
131,D,G,-4.98,3425
131,D,P,-2.82,4241
131,D,C,-0.16,82
131,D,X,-4.62,1270
132,P,P,1.0,775
132,P,V,0.08,4893
132,P,I,0.36,616
132,P,L,-3.42,688
132,P,E,-3.59,4112
132,P,Q,-2.24,2484
132,P,D,0.35,4408
132,P,N,-1.16,4708
132,P,H,-0.5,507
132,P,W,-4.59,4396
132,P,F,-4.65,4029
132,P,Y,-4.56,3448
132,P,R,-0.94,348
132,P,K,-4.66,3047
132,P,S,-2.62,1738
132,P,T,-1.55,1625
132,P,M,-2.22,394
132,P,A,-2.06,2727
132,P,G,-3.55,1872
132,P,C,-0.96,3701
132,P,X,0.49,3275
133,I,I,1.0,2969
133,I,V,-0.52,928
133,I,L,-3.52,3372
133,I,E,-2.29,4504
133,I,Q,-1.34,3585
133,I,D,-2.66,2276
133,I,N,-2.76,2701
133,I,H,0.11,1371
133,I,W,-1.82,4459
133,I,F,-3.2,4836
133,I,Y,-3.21,2233
133,I,R,0.96,568
133,I,K,-4.05,1446
133,I,S,-0.72,513
133,I,T,-2.09,1948
133,I,M,-4.64,1861
133,I,A,-4.56,2703
133,I,G,-4.76,1917
133,I,P,-4.81,2997
133,I,C,-2.44,3025
133,I,X,-3.52,3120
134,H,H,1.0,4444
134,H,V,-3.86,2651
134,H,I,-4.64,1023
134,H,L,0.62,1913
134,H,E,-3.97,2038
134,H,Q,-1.56,1040
134,H,D,0.25,2431
134,H,N,-4.94,4312
134,H,W,-4.42,2027
134,H,F,-1.54,3322
134,H,Y,-1.85,744
134,H,R,-0.32,4498
134,H,K,-0.97,4873
134,H,S,-1.13,1526
134,H,T,-4.54,1606
134,H,M,-0.79,3901
134,H,A,-4.45,2042
134,H,G,-3.19,1988
134,H,P,-2.28,1020
134,H,C,-4.91,185
134,H,X,-4.4,1439
135,S,S,1.0,799
135,S,V,-0.61,2621
135,S,I,0.47,62
135,S,L,-0.05,2939
135,S,E,-0.29,114
135,S,Q,0.66,2774
135,S,D,-0.33,1629
135,S,N,-0.21,2179
135,S,H,-4.64,4911
135,S,W,-0.81,4661
135,S,F,0.76,2559
135,S,Y,-3.13,4688
135,S,R,0.92,2159
135,S,K,-1.84,1245
135,S,T,-0.94,2841
135,S,M,-3.44,3588
135,S,A,-2.87,852
135,S,G,-3.78,2231
135,S,P,-3.29,4070
135,S,C,0.67,3869
135,S,X,-2.58,4122
136,L,L,1.0,2252
136,L,V,-2.06,43
136,L,I,-1.42,3337
136,L,E,-2.74,2096
136,L,Q,-4.85,2073
136,L,D,-4.47,1579
136,L,N,-4.4,3371
136,L,H,0.0,822
136,L,W,-3.3,3698
136,L,F,-3.61,4271
136,L,Y,-3.08,4122
136,L,R,-2.32,2119
136,L,K,-3.96,2172
136,L,S,-1.01,1017
136,L,T,0.11,1849
136,L,M,-3.94,4677
136,L,A,-0.17,3713
136,L,G,0.95,294
136,L,P,-3.56,3877
136,L,C,-3.55,2852
136,L,X,-2.73,1294
137,R,R,1.0,640
137,R,V,-0.58,1647
137,R,I,-0.08,2015
137,R,L,0.49,3737
137,R,E,-3.18,2674
137,R,Q,-4.24,4134
137,R,D,-0.05,2368
137,R,N,-3.85,4393
137,R,H,-0.01,2897
137,R,W,-1.21,3153
137,R,F,0.51,2256
137,R,Y,-1.47,1644
137,R,K,-4.35,666
137,R,S,-3.42,2182
137,R,T,0.69,850
137,R,M,-2.28,686
137,R,A,-2.06,3891
137,R,G,-0.37,2302
137,R,P,0.39,1107
137,R,C,-0.06,2488
137,R,X,-2.4,3949
138,V,V,1.0,3897
138,V,I,-1.93,3652
138,V,L,0.17,1116
138,V,E,-2.27,2701
138,V,Q,-1.79,4573
138,V,D,-5.0,4543
138,V,N,-0.86,1534
138,V,H,0.41,3357
138,V,W,-3.68,4823
138,V,F,-2.91,1743
138,V,Y,-0.87,3339
138,V,R,-0.18,2913
138,V,K,-0.72,2890
138,V,S,-0.35,1882
138,V,T,-4.44,312
138,V,M,-0.59,3598
138,V,A,0.88,2986
138,V,G,-2.48,1275
138,V,P,-3.74,3702
138,V,C,0.99,4823
138,V,X,-0.55,42
139,C,C,1.0,3400
139,C,V,-1.85,1532
139,C,I,-0.93,2710
139,C,L,-0.98,4106
139,C,E,-2.3,2758
139,C,Q,-1.68,329
139,C,D,-3.01,1791
139,C,N,-3.27,3072
139,C,H,-1.87,2257
139,C,W,-3.76,2013
139,C,F,-3.79,4857
139,C,Y,-1.69,3531
139,C,R,-0.93,4060
139,C,K,-3.4,4124
139,C,S,-2.98,4191
139,C,T,-2.27,711
139,C,M,-0.92,875
139,C,A,-1.09,882
139,C,G,0.68,2824
139,C,P,-4.21,4652
139,C,X,-0.37,1574
140,V,V,1.0,4627
140,V,I,-1.21,1907
140,V,L,-4.81,3120
140,V,E,-3.8,4013
140,V,Q,-2.66,1564
140,V,D,-3.42,3846
140,V,N,-2.84,1104
140,V,H,-2.47,3266
140,V,W,-4.48,4053
140,V,F,-2.28,1804
140,V,Y,-0.58,3104
140,V,R,-4.03,1665
140,V,K,0.38,2393
140,V,S,0.96,3110
140,V,T,-3.05,3772
140,V,M,-0.96,3181
140,V,A,-4.87,620
140,V,G,-1.75,728
140,V,P,-4.02,4141
140,V,C,-0.5,2820
140,V,X,-4.51,325
141,D,D,1.0,4876
141,D,V,-1.16,657
141,D,I,-1.4,4856
141,D,L,-2.51,795
141,D,E,-4.13,2880
141,D,Q,-1.14,3613
141,D,N,-2.22,2605
141,D,H,-0.76,4818
141,D,W,-2.11,1404
141,D,F,0.17,542
141,D,Y,0.58,1408
141,D,R,-2.33,731
141,D,K,-4.8,4268
141,D,S,-0.02,4341
141,D,T,-4.48,3109
141,D,M,-0.76,2935
141,D,A,0.2,906
141,D,G,-4.85,2301
141,D,P,-1.53,3925
141,D,C,0.54,3767
141,D,X,-4.65,1145
142,T,T,1.0,1724
142,T,V,-1.35,3876
142,T,I,-4.34,1768
142,T,L,-0.5,3779
142,T,E,-3.84,1740
142,T,Q,-0.11,3527
142,T,D,-3.7,3828
142,T,N,-3.82,4137
142,T,H,0.44,2702
142,T,W,-4.41,56
142,T,F,-3.16,2933
142,T,Y,-3.75,1585
142,T,R,-3.06,4925
142,T,K,-0.84,505
142,T,S,-0.43,4537
142,T,M,-4.61,539
142,T,A,-4.27,4591
142,T,G,-3.2,4546
142,T,P,-1.22,1259
142,T,C,-0.7,261
142,T,X,-2.11,1613
143,V,V,1.0,418
143,V,I,-1.21,4761
143,V,L,-4.36,3659
143,V,E,0.02,3925
143,V,Q,-1.75,4617
143,V,D,-1.31,724
143,V,N,-4.03,2281
143,V,H,-3.46,4497
143,V,W,-2.22,1768
143,V,F,-1.92,2659
143,V,Y,-1.91,1246
143,V,R,0.63,4413
143,V,K,-4.37,2001
143,V,S,-1.91,2759
143,V,T,-2.01,1334
143,V,M,0.61,4168
143,V,A,-3.04,261
143,V,G,-3.86,1451
143,V,P,-1.04,1933
143,V,C,-0.36,4679
143,V,X,-0.99,3523
144,R,R,1.0,1226
144,R,V,-0.49,2967
144,R,I,-1.04,2688
144,R,L,0.67,3103
144,R,E,-3.01,2671
144,R,Q,-4.13,1813
144,R,D,0.7,1195
144,R,N,-2.81,4399
144,R,H,0.75,3725
144,R,W,-3.83,1810
144,R,F,-4.38,3027
144,R,Y,-1.62,411
144,R,K,-0.67,2034
144,R,S,-1.27,1425
144,R,T,0.22,2839
144,R,M,-0.1,158
144,R,A,0.18,2323
144,R,G,-1.22,4089
144,R,P,0.33,113
144,R,C,-4.79,1352
144,R,X,-3.78,1768
145,T,T,1.0,2555
145,T,V,-4.35,4899
145,T,I,-3.11,4220
145,T,L,-3.92,2530
145,T,E,-4.62,4282
145,T,Q,-2.1,1463
145,T,D,-1.01,253
145,T,N,-1.11,33
145,T,H,-0.8,4418
145,T,W,-1.73,713
145,T,F,-1.31,3144
145,T,Y,-3.26,3236
145,T,R,-4.22,4487
145,T,K,-3.03,3508
145,T,S,-3.49,2282
145,T,M,-1.75,4414
145,T,A,-1.28,4297
145,T,G,-2.28,4298
145,T,P,0.97,20
145,T,C,-2.42,3827
145,T,X,-2.78,1958
146,N,N,1.0,1229
146,N,V,-0.45,3074
146,N,I,-3.89,884
146,N,L,-3.43,354
146,N,E,-1.86,3552
146,N,Q,-4.07,3824
146,N,D,-3.61,3904
146,N,H,-1.48,4110
146,N,W,-4.57,259
146,N,F,-1.41,3298
146,N,Y,-3.46,2614
146,N,R,-2.28,2402
146,N,K,-3.35,2088
146,N,S,0.29,3641
146,N,T,-4.63,582
146,N,M,-4.42,2395
146,N,A,-4.23,4605
146,N,G,-2.78,3451
146,N,P,-3.45,790
146,N,C,-4.46,2629
146,N,X,0.8,2883
147,V,V,1.0,4612
147,V,I,-4.0,705
147,V,L,-1.08,2033
147,V,E,-1.1,87
147,V,Q,-2.4,16
147,V,D,-1.84,2304
147,V,N,0.55,289
147,V,H,-4.09,2485
147,V,W,-2.79,2928
147,V,F,-0.15,102
147,V,Y,-4.2,4196
147,V,R,-4.84,4729
147,V,K,-1.05,3842
147,V,S,-0.02,3542
147,V,T,-0.16,1256
147,V,M,-2.81,3641
147,V,A,-2.11,4738
147,V,G,-1.64,866
147,V,P,-4.21,4098
147,V,C,-0.98,4714
147,V,X,-1.64,2009
148,Y,Y,1.0,3141
148,Y,V,-4.49,95
148,Y,I,0.88,3627
148,Y,L,-4.46,267
148,Y,E,-2.58,1280
148,Y,Q,-1.12,1961
148,Y,D,-1.67,522
148,Y,N,-1.82,1570
148,Y,H,-2.59,4669
148,Y,W,-1.53,940
148,Y,F,-3.26,1351
148,Y,R,-2.88,4024
148,Y,K,0.03,157
148,Y,S,-4.98,880
148,Y,T,-2.28,713
148,Y,M,-4.43,2727
148,Y,A,0.57,2928
148,Y,G,-1.16,2797
148,Y,P,-1.83,2151
148,Y,C,-2.09,3931
148,Y,X,-0.03,3433
149,L,L,1.0,4821
149,L,V,-1.78,4095
149,L,I,-1.22,4159
149,L,E,-2.25,4751
149,L,Q,-4.84,4817
149,L,D,0.37,1945
149,L,N,-1.96,4909
149,L,H,-1.31,4980
149,L,W,-2.95,4034
149,L,F,-1.76,3696
149,L,Y,-0.88,2631
149,L,R,-3.28,4990
149,L,K,-1.48,939
149,L,S,-3.42,706
149,L,T,-0.17,4216
149,L,M,0.92,3380
149,L,A,0.34,550
149,L,G,0.59,2466
149,L,P,-1.16,1536
149,L,C,-1.68,532
149,L,X,-1.46,3253
150,A,A,1.0,574
150,A,V,-1.36,282
150,A,I,0.16,873
150,A,L,-4.92,4084
150,A,E,-1.69,174
150,A,Q,-4.24,3068
150,A,D,-1.18,1512
150,A,N,-2.6,524
150,A,H,0.5,2968
150,A,W,-0.42,1650
150,A,F,-0.04,2382
150,A,Y,-0.05,2153
150,A,R,-3.6,2111
150,A,K,-1.29,703
150,A,S,-3.31,1447
150,A,T,-0.81,4642
150,A,M,0.77,3632
150,A,G,-0.19,114
150,A,P,-4.07,703
150,A,C,-2.94,4565
150,A,X,-3.09,1470
151,V,V,1.0,4332
151,V,I,0.38,3010
151,V,L,-4.57,3180
151,V,E,0.11,271
151,V,Q,-2.94,524
151,V,D,0.94,2625
151,V,N,-3.9,4953
151,V,H,0.08,2039
151,V,W,-0.79,886
151,V,F,-0.03,3558
151,V,Y,0.31,3506
151,V,R,-4.76,1410
151,V,K,0.5,4489
151,V,S,-0.57,2730
151,V,T,-3.51,3217
151,V,M,0.77,3765
151,V,A,0.97,3535
151,V,G,-0.92,3970
151,V,P,-3.09,2875
151,V,C,0.86,353
151,V,X,-1.04,3347
152,F,F,1.0,3707
152,F,V,-1.5,1970
152,F,I,-0.39,3080
152,F,L,-1.65,4908
152,F,E,-0.01,2756
152,F,Q,-2.37,3331
152,F,D,-4.91,1494
152,F,N,-1.6,1454
152,F,H,-2.76,4386
152,F,W,-0.75,3187
152,F,Y,-3.11,4180
152,F,R,-0.24,3867
152,F,K,-1.94,1713
152,F,S,0.58,2799
152,F,T,-2.54,3463
152,F,M,-2.52,4998
152,F,A,-2.97,2008
152,F,G,0.16,3189
152,F,P,0.07,233
152,F,C,-0.34,4983
152,F,X,-0.86,914
153,D,D,1.0,2717
153,D,V,-0.12,3371
153,D,I,0.26,3914
153,D,L,-0.47,3460
153,D,E,-4.72,2613
153,D,Q,-0.52,450
153,D,N,-3.83,3202
153,D,H,-2.26,1345
153,D,W,-2.52,2208
153,D,F,-0.08,4380
153,D,Y,0.13,900
153,D,R,-2.94,2532
153,D,K,-0.66,3250
153,D,S,-1.27,1249
153,D,T,-2.45,87
153,D,M,-3.87,4561
153,D,A,-1.24,1535
153,D,G,-1.53,4935
153,D,P,-1.9,4275
153,D,C,0.59,3098
153,D,X,-3.88,3363
154,K,K,1.0,2963
154,K,V,-2.24,1043
154,K,I,-1.52,1255
154,K,L,-3.78,1788
154,K,E,-2.73,2427
154,K,Q,0.41,3625
154,K,D,-2.21,1349
154,K,N,-4.67,616
154,K,H,-1.2,3237
154,K,W,-0.91,3488
154,K,F,-0.14,2034
154,K,Y,0.88,1911
154,K,R,-0.68,1849
154,K,S,-1.34,692
154,K,T,0.89,2
154,K,M,-1.76,668
154,K,A,-3.38,4799
154,K,G,0.48,3336
154,K,P,-0.32,4240
154,K,C,0.52,4073
154,K,X,-1.43,4964
155,N,N,1.0,3956
155,N,V,-3.05,2927
155,N,I,-3.11,178
155,N,L,-3.74,3686
155,N,E,-3.07,155
155,N,Q,-0.2,894
155,N,D,-3.6,4402
155,N,H,-4.21,2908
155,N,W,0.02,2496
155,N,F,0.4,4405
155,N,Y,-0.94,4792
155,N,R,0.34,2323
155,N,K,-4.23,1556
155,N,S,-0.87,953
155,N,T,-0.79,3225
155,N,M,-3.95,2216
155,N,A,-4.8,4060
155,N,G,-3.51,1845
155,N,P,-4.6,574
155,N,C,-1.77,2114
155,N,X,-4.42,3763
156,L,L,1.0,1436
156,L,V,-0.91,3169
156,L,I,-3.38,1650
156,L,E,-1.5,2709
156,L,Q,-0.87,4596
156,L,D,-0.63,2131
156,L,N,-4.73,2871
156,L,H,-4.04,4773
156,L,W,0.55,3506
156,L,F,-3.1,2069
156,L,Y,-3.68,2543
156,L,R,0.91,2524
156,L,K,-3.81,1358
156,L,S,-3.6,4607
156,L,T,0.29,198
156,L,M,-4.26,4515
156,L,A,0.29,4579
156,L,G,-3.29,192
156,L,P,-3.39,1034
156,L,C,-4.73,1268
156,L,X,-3.82,1758
157,Y,Y,1.0,3815
157,Y,V,-2.29,2192
157,Y,I,-2.09,82
157,Y,L,-2.56,3509
157,Y,E,-0.72,3423
157,Y,Q,-1.26,2618
157,Y,D,-1.02,266
157,Y,N,-4.32,2183
157,Y,H,0.94,876
157,Y,W,-1.69,4745
157,Y,F,0.23,1223
157,Y,R,-2.82,4663
157,Y,K,-0.64,1548
157,Y,S,-0.36,3085
157,Y,T,-1.87,2155
157,Y,M,0.11,1543
157,Y,A,-2.4,151
157,Y,G,-4.88,1812
157,Y,P,-3.1,3406
157,Y,C,-4.68,3304
157,Y,X,-3.55,68
158,D,D,1.0,199
158,D,V,-0.25,3285
158,D,I,-4.46,3152
158,D,L,-2.54,1736
158,D,E,-4.0,4956
158,D,Q,-1.35,1108
158,D,N,0.97,1705
158,D,H,-2.25,1663
158,D,W,-1.15,3977
158,D,F,-4.27,2729
158,D,Y,-0.86,1291
158,D,R,-0.76,1676
158,D,K,-3.38,1513
158,D,S,0.5,4809
158,D,T,-3.97,1072
158,D,M,0.44,2119
158,D,A,-4.49,1681
158,D,G,-2.36,3251
158,D,P,0.09,2498
158,D,C,0.22,1991
158,D,X,-2.59,2414
159,K,K,1.0,2680
159,K,V,-0.64,3129
159,K,I,-2.69,202
159,K,L,-3.32,474
159,K,E,-0.08,2314
159,K,Q,-0.22,3806
159,K,D,-4.52,1488
159,K,N,0.18,2802
159,K,H,-1.29,117
159,K,W,-2.07,1103
159,K,F,-2.92,3025
159,K,Y,0.0,72
159,K,R,-3.56,812
159,K,S,0.99,957
159,K,T,-2.6,4978
159,K,M,-3.55,1510
159,K,A,-3.69,4053
159,K,G,-4.3,4660
159,K,P,-2.92,986
159,K,C,-0.44,839
159,K,X,-1.43,830
160,L,L,1.0,1774
160,L,V,-2.67,3240
160,L,I,0.1,1397
160,L,E,-2.53,36
160,L,Q,-4.75,3177
160,L,D,-4.73,796
160,L,N,-2.25,4061
160,L,H,-4.75,670
160,L,W,-4.16,3242
160,L,F,-4.33,1744
160,L,Y,-4.31,3525
160,L,R,-2.1,1596
160,L,K,-0.55,4309
160,L,S,0.69,3629
160,L,T,-1.16,4395
160,L,M,-4.89,4324
160,L,A,-2.68,4305
160,L,G,0.46,1984
160,L,P,-1.45,363
160,L,C,-1.31,3622
160,L,X,-3.79,1973
161,V,V,1.0,2948
161,V,I,-3.81,3928
161,V,L,-1.07,3712
161,V,E,-3.48,3393
161,V,Q,-4.35,4382
161,V,D,-3.57,4576
161,V,N,-2.75,857
161,V,H,-1.21,2530
161,V,W,-1.75,3964
161,V,F,-0.56,3207
161,V,Y,-3.61,1763
161,V,R,-3.65,4331
161,V,K,-1.66,4687
161,V,S,-1.57,1474
161,V,T,0.07,1786
161,V,M,-3.51,3292
161,V,A,-2.03,4575
161,V,G,-1.21,278
161,V,P,-4.73,2843
161,V,C,-2.0,3278
161,V,X,-1.57,1331
162,S,S,1.0,415
162,S,V,-2.18,991
162,S,I,-0.66,3459
162,S,L,-2.37,2226
162,S,E,-3.66,2057
162,S,Q,-4.69,1716
162,S,D,-2.01,2531
162,S,N,-2.72,4777
162,S,H,-3.91,4153
162,S,W,-4.17,3206
162,S,F,-4.74,1614
162,S,Y,-0.04,3277
162,S,R,-2.62,2207
162,S,K,-0.14,4154
162,S,T,-0.39,2771
162,S,M,-2.45,45
162,S,A,-3.64,2500
162,S,G,-0.04,649
162,S,P,-1.31,165
162,S,C,-4.22,3306
162,S,X,-2.63,3497
163,S,S,1.0,2224
163,S,V,-3.47,3852
163,S,I,0.19,4273
163,S,L,-4.01,128
163,S,E,-1.86,1431
163,S,Q,-1.36,765
163,S,D,-1.74,2483
163,S,N,-4.51,3540
163,S,H,-4.58,2269
163,S,W,-1.49,1516
163,S,F,-0.88,3475
163,S,Y,-2.13,3046
163,S,R,-3.28,1160
163,S,K,-4.97,29
163,S,T,-2.2,552
163,S,M,0.56,4757
163,S,A,-4.02,4448
163,S,G,-1.27,4233
163,S,P,-0.14,6
163,S,C,0.27,3070
163,S,X,0.25,906
164,F,F,1.0,2229
164,F,V,-2.28,151
164,F,I,0.71,1600
164,F,L,0.47,291
164,F,E,0.51,4353
164,F,Q,-4.15,3582
164,F,D,0.42,1871
164,F,N,-4.58,1917
164,F,H,-3.09,1565
164,F,W,-0.48,2490
164,F,Y,-1.14,3509
164,F,R,-1.51,466
164,F,K,-1.03,3480
164,F,S,-3.73,1538
164,F,T,-4.63,4292
164,F,M,-0.06,4713
164,F,A,-4.36,1963
164,F,G,-4.82,4730
164,F,P,-1.13,4204
164,F,C,-1.16,517
164,F,X,0.43,3749
